product_family,month,total_downloads,ios_downloads,google_play_downloads,revenue_usd,paid_downloads_proxy,organic_downloads,organic_share,top_5_countries,ad_creative_count,rating,review_count,major_version,liveops_event,ip_collab,organic_paid_ratio,rpd_usd,download_peak_ratio,revenue_peak_ratio,revenue_persistence,3m_revenue_carryover,download_scope,revenue_scope,data_status,source_url,notes
Heartopia,2025-09,n.a.,n.a.,n.a.,2225809,n.a.,n.a.,n.a.,n.a.,n.a.,n.a.,n.a.,n.a.,n.a.,n.a.,n.a.,n.a.,n.a.,0.10027260180040355,n.a.,n.a.,Global iOS+Google Play,Diandian product collection including regional entities,verified_visible_table;verified_visible_table;scope_mismatch,https://app.diandian.com/app/4v2imue5rkzetgy/googleplay-downloads | https://app.diandian.com/app/4v2imue5rkzetgy/googleplay-income,"Downloads are verified Global-only export; revenue is collection scope, so RPD/cross-scope persistence are N/A."
Heartopia,2025-10,n.a.,n.a.,n.a.,1469509,n.a.,n.a.,n.a.,n.a.,n.a.,n.a.,n.a.,n.a.,n.a.,n.a.,n.a.,n.a.,n.a.,0.06620131862127847,n.a.,n.a.,Global iOS+Google Play,Diandian product collection including regional entities,verified_visible_table;verified_visible_table;scope_mismatch,https://app.diandian.com/app/4v2imue5rkzetgy/googleplay-downloads | https://app.diandian.com/app/4v2imue5rkzetgy/googleplay-income,"Downloads are verified Global-only export; revenue is collection scope, so RPD/cross-scope persistence are N/A."
Heartopia,2025-11,n.a.,n.a.,n.a.,1624868,n.a.,n.a.,n.a.,n.a.,n.a.,n.a.,n.a.,n.a.,n.a.,n.a.,n.a.,n.a.,n.a.,0.07320023503464049,n.a.,0.0798913851521075,Global iOS+Google Play,Diandian product collection including regional entities,verified_visible_table;verified_visible_table;scope_mismatch,https://app.diandian.com/app/4v2imue5rkzetgy/googleplay-downloads | https://app.diandian.com/app/4v2imue5rkzetgy/googleplay-income,"Downloads are verified Global-only export; revenue is collection scope, so RPD/cross-scope persistence are N/A."
Heartopia,2025-12,0,0,0,1135571,n.a.,n.a.,n.a.,n.a.,n.a.,n.a.,n.a.,n.a.,n.a.,n.a.,n.a.,n.a.,0,0.0511574257715222,n.a.,0.06351965980914706,Global iOS+Google Play,Diandian product collection including regional entities,verified_visible_table;verified_visible_table;scope_mismatch,https://app.diandian.com/app/4v2imue5rkzetgy/googleplay-downloads | https://app.diandian.com/app/4v2imue5rkzetgy/googleplay-income,"Downloads are verified Global-only export; revenue is collection scope, so RPD/cross-scope persistence are N/A."
Heartopia,2026-01,10886824,5369271,5517553,7992126,n.a.,n.a.,n.a.,美国:1477986; 泰国:1125095; 菲律宾:1073754; 巴西:997920; 日本:908676,n.a.,n.a.,n.a.,n.a.,n.a.,n.a.,n.a.,n.a.,1,0.36004494003602827,n.a.,0.16146753361406366,Global iOS+Google Play,Diandian product collection including regional entities,verified_visible_table;verified_visible_table;scope_mismatch,https://app.diandian.com/app/4v2imue5rkzetgy/googleplay-downloads | https://app.diandian.com/app/4v2imue5rkzetgy/googleplay-income,"Downloads are verified Global-only export; revenue is collection scope, so RPD/cross-scope persistence are N/A."
Heartopia,2026-02,4510681,2067272,2443409,22197579,n.a.,n.a.,n.a.,泰国:672813; 美国:568412; 日本:512224; 韩国:356882; 菲律宾:303405,n.a.,n.a.,n.a.,n.a.,n.a.,n.a.,n.a.,n.a.,0.4143247837936941,1,n.a.,0.4704007886025168,Global iOS+Google Play,Diandian product collection including regional entities,verified_visible_table;verified_visible_table;scope_mismatch,https://app.diandian.com/app/4v2imue5rkzetgy/googleplay-downloads | https://app.diandian.com/app/4v2imue5rkzetgy/googleplay-income,"Downloads are verified Global-only export; revenue is collection scope, so RPD/cross-scope persistence are N/A."
Heartopia,2026-03,2898880,1246529,1652351,14000945,n.a.,n.a.,n.a.,泰国:399627; 美国:363652; 韩国:335296; 菲律宾:235842; 巴西:230495,n.a.,n.a.,n.a.,n.a.,n.a.,n.a.,n.a.,n.a.,0.26627416774625917,0.6307419831685248,n.a.,0.6635956410681844,Global iOS+Google Play,Diandian product collection including regional entities,verified_visible_table;verified_visible_table;scope_mismatch,https://app.diandian.com/app/4v2imue5rkzetgy/googleplay-downloads | https://app.diandian.com/app/4v2imue5rkzetgy/googleplay-income,"Downloads are verified Global-only export; revenue is collection scope, so RPD/cross-scope persistence are N/A."
Heartopia,2026-04,1161243,643971,517272,10121056,n.a.,n.a.,n.a.,泰国:154795; 韩国:129144; 美国:127155; 巴西:105916; 日本:95609,n.a.,n.a.,n.a.,n.a.,n.a.,n.a.,n.a.,n.a.,0.10666499247163361,0.4559531469625584,n.a.,0.6955650433770277,Global iOS+Google Play,Diandian product collection including regional entities,verified_visible_table;verified_visible_table;scope_mismatch,https://app.diandian.com/app/4v2imue5rkzetgy/googleplay-downloads | https://app.diandian.com/app/4v2imue5rkzetgy/googleplay-income,"Downloads are verified Global-only export; revenue is collection scope, so RPD/cross-scope persistence are N/A."
Heartopia,2026-05,684986,392880,292106,9515330,n.a.,n.a.,n.a.,泰国:90425; 美国:71342; 巴西:62325; 日本:58649; 韩国:51059,n.a.,n.a.,n.a.,n.a.,n.a.,n.a.,n.a.,n.a.,0.06291880901170074,0.42866521614812136,n.a.,0.5051201154264015,Global iOS+Google Play,Diandian product collection including regional entities,verified_visible_table;verified_visible_table;scope_mismatch,https://app.diandian.com/app/4v2imue5rkzetgy/googleplay-downloads | https://app.diandian.com/app/4v2imue5rkzetgy/googleplay-income,"Downloads are verified Global-only export; revenue is collection scope, so RPD/cross-scope persistence are N/A."
Heartopia,2026-06,554317,346249,208068,7791902,n.a.,n.a.,n.a.,泰国:88779; 美国:68821; 日本:60589; 韩国:47923; 中国台湾:30219,n.a.,n.a.,n.a.,n.a.,n.a.,n.a.,n.a.,n.a.,0.05091631866189809,0.35102485726033456,n.a.,0.41188107345700475,Global iOS+Google Play,Diandian product collection including regional entities,verified_visible_table;verified_visible_table;scope_mismatch,https://app.diandian.com/app/4v2imue5rkzetgy/googleplay-downloads | https://app.diandian.com/app/4v2imue5rkzetgy/googleplay-income,"Downloads are verified Global-only export; revenue is collection scope, so RPD/cross-scope persistence are N/A."
Heartopia,2026-07,495881,310761,185120,10263608,n.a.,n.a.,n.a.,美国:77020; 泰国:61144; 日本:59138; 韩国:44669; 巴西:31255,n.a.,n.a.,n.a.,n.a.,n.a.,n.a.,n.a.,n.a.,0.04554872936312739,0.4623751085647674,n.a.,0.4140217273244078,Global iOS+Google Play,Diandian product collection including regional entities,verified_visible_table;verified_visible_table;scope_mismatch,https://app.diandian.com/app/4v2imue5rkzetgy/googleplay-downloads | https://app.diandian.com/app/4v2imue5rkzetgy/googleplay-income,"Downloads are verified Global-only export; revenue is collection scope, so RPD/cross-scope persistence are N/A."
Heartopia,2026-08,385481,227762,157719,8616226,n.a.,n.a.,n.a.,美国:57677; 韩国:51138; 日本:42323; 泰国:41047; 中国台湾:25170,n.a.,4.4,134000,0.5.5,n.a.,n.a.,n.a.,n.a.,0.03540803084535949,0.3881606187773901,n.a.,0.4005201948674973,Global iOS+Google Play,Diandian product collection including regional entities,verified_visible_table;verified_visible_table;scope_mismatch,https://app.diandian.com/app/4v2imue5rkzetgy/googleplay-downloads | https://app.diandian.com/app/4v2imue5rkzetgy/googleplay-income,"Downloads are verified Global-only export; revenue is collection scope, so RPD/cross-scope persistence are N/A."
Township,2025-09,11248271,n.a.,n.a.,31095558,n.a.,n.a.,n.a.,n.a.,n.a.,n.a.,n.a.,n.a.,n.a.,n.a.,n.a.,2.7644744690095036,0.9845996326397418,0.760448477293751,0.7723428407696693,n.a.,Diandian product collection,Diandian product collection,verified_visible_table;verified_visible_table;same_scope,https://app.diandian.com/app/pn3qiru8j95ligy/googleplay-downloads | https://app.diandian.com/app/pn3qiru8j95ligy/googleplay-income,n.a.
Township,2025-10,8762067,n.a.,n.a.,32083166,n.a.,n.a.,n.a.,n.a.,n.a.,n.a.,n.a.,n.a.,n.a.,n.a.,n.a.,3.661597885521761,0.7669736930560088,0.7846006407559126,1.022982467142607,n.a.,Diandian product collection,Diandian product collection,verified_visible_table;verified_visible_table;same_scope,https://app.diandian.com/app/pn3qiru8j95ligy/googleplay-downloads | https://app.diandian.com/app/pn3qiru8j95ligy/googleplay-income,n.a.
Township,2025-11,8003731,n.a.,n.a.,32583986,n.a.,n.a.,n.a.,n.a.,n.a.,n.a.,n.a.,n.a.,n.a.,n.a.,n.a.,4.071099590928281,0.7005939492698312,0.796848300257577,1.1373896407299313,0.7806324727690801,Diandian product collection,Diandian product collection,verified_visible_table;verified_visible_table;same_scope,https://app.diandian.com/app/pn3qiru8j95ligy/googleplay-downloads | https://app.diandian.com/app/pn3qiru8j95ligy/googleplay-income,n.a.
Township,2025-12,7278361,n.a.,n.a.,31704527,n.a.,n.a.,n.a.,n.a.,n.a.,n.a.,n.a.,n.a.,n.a.,n.a.,n.a.,4.35599814298851,0.63709983221594,0.7753409435672006,1.2169850066832302,0.7855966281935634,Diandian product collection,Diandian product collection,verified_visible_table;verified_visible_table;same_scope,https://app.diandian.com/app/pn3qiru8j95ligy/googleplay-downloads | https://app.diandian.com/app/pn3qiru8j95ligy/googleplay-income,n.a.
Township,2026-01,11424208,n.a.,n.a.,34257048,n.a.,n.a.,n.a.,n.a.,n.a.,n.a.,n.a.,n.a.,n.a.,n.a.,n.a.,2.9986365794460323,1,0.8377633869178015,0.8377633869178015,0.8033175435808597,Diandian product collection,Diandian product collection,verified_visible_table;verified_visible_table;same_scope,https://app.diandian.com/app/pn3qiru8j95ligy/googleplay-downloads | https://app.diandian.com/app/pn3qiru8j95ligy/googleplay-income,n.a.
Township,2026-02,8135022,n.a.,n.a.,31114745,n.a.,n.a.,n.a.,n.a.,n.a.,n.a.,n.a.,n.a.,n.a.,n.a.,n.a.,3.824789287601189,0.7120862995491679,0.7609176994551232,1.068575115034331,0.7913406766467084,Diandian product collection,Diandian product collection,verified_visible_table;verified_visible_table;same_scope,https://app.diandian.com/app/pn3qiru8j95ligy/googleplay-downloads | https://app.diandian.com/app/pn3qiru8j95ligy/googleplay-income,n.a.
Township,2026-03,7239728,n.a.,n.a.,35228840,n.a.,n.a.,n.a.,n.a.,n.a.,n.a.,n.a.,n.a.,n.a.,n.a.,n.a.,4.866044691181768,0.6337181535910411,0.8615287667397763,1.3594825426063915,0.820069951037567,Diandian product collection,Diandian product collection,verified_visible_table;verified_visible_table;same_scope,https://app.diandian.com/app/pn3qiru8j95ligy/googleplay-downloads | https://app.diandian.com/app/pn3qiru8j95ligy/googleplay-income,n.a.
Township,2026-04,7258796,n.a.,n.a.,33337814,n.a.,n.a.,n.a.,n.a.,n.a.,n.a.,n.a.,n.a.,n.a.,n.a.,n.a.,4.592747061633913,0.635387240848556,0.8152833241520314,1.283128259017643,0.8125765967823103,Diandian product collection,Diandian product collection,verified_visible_table;verified_visible_table;same_scope,https://app.diandian.com/app/pn3qiru8j95ligy/googleplay-downloads | https://app.diandian.com/app/pn3qiru8j95ligy/googleplay-income,n.a.
Township,2026-05,8349229,n.a.,n.a.,35368927,n.a.,n.a.,n.a.,n.a.,n.a.,n.a.,n.a.,n.a.,n.a.,n.a.,n.a.,4.236190790790383,0.7308365709027707,0.8649546240869463,1.1835130568500498,0.8472555716595846,Diandian product collection,Diandian product collection,verified_visible_table;verified_visible_table;same_scope,https://app.diandian.com/app/pn3qiru8j95ligy/googleplay-downloads | https://app.diandian.com/app/pn3qiru8j95ligy/googleplay-income,n.a.
Township,2026-06,7999268,n.a.,n.a.,36354118,n.a.,n.a.,n.a.,n.a.,n.a.,n.a.,n.a.,n.a.,n.a.,n.a.,n.a.,4.5446805882738275,0.7002032876152114,0.8890476793006044,1.2696993787740827,0.8564285425131941,Diandian product collection,Diandian product collection,verified_visible_table;verified_visible_table;same_scope,https://app.diandian.com/app/pn3qiru8j95ligy/googleplay-downloads | https://app.diandian.com/app/pn3qiru8j95ligy/googleplay-income,n.a.
Township,2026-07,11345540,n.a.,n.a.,39584728,n.a.,n.a.,n.a.,n.a.,n.a.,n.a.,n.a.,n.a.,n.a.,n.a.,n.a.,3.4890122462218636,0.9931139208949977,0.9680529332095378,0.9747652437870623,0.9073517455323629,Diandian product collection,Diandian product collection,verified_visible_table;verified_visible_table;same_scope,https://app.diandian.com/app/pn3qiru8j95ligy/googleplay-downloads | https://app.diandian.com/app/pn3qiru8j95ligy/googleplay-income,n.a.
Township,2026-08,8292473,n.a.,n.a.,40891078,n.a.,n.a.,n.a.,n.a.,n.a.,4.7,12897000,39.0.3,n.a.,n.a.,n.a.,4.931107764836859,0.7258685241025024,1,1.377659957409569,0.952366870836714,Diandian product collection,Diandian product collection,verified_visible_table;verified_visible_table;same_scope,https://app.diandian.com/app/pn3qiru8j95ligy/googleplay-downloads | https://app.diandian.com/app/pn3qiru8j95ligy/googleplay-income,n.a.
Hay Day,2025-09,2073052,n.a.,n.a.,11100477,n.a.,n.a.,n.a.,n.a.,n.a.,n.a.,n.a.,n.a.,n.a.,n.a.,n.a.,5.354654393618684,0.6658735058372482,0.7379383181871908,1.1082259794363354,n.a.,Diandian product collection,Diandian product collection,verified_visible_table;verified_visible_table;same_scope,https://app.diandian.com/app/ky58i5u6ekqvb7y/googleplay-downloads | https://app.diandian.com/app/ky58i5u6ekqvb7y/googleplay-income,n.a.
Hay Day,2025-10,2779130,n.a.,n.a.,11767638,n.a.,n.a.,n.a.,n.a.,n.a.,n.a.,n.a.,n.a.,n.a.,n.a.,n.a.,4.234288428393058,0.8926688941123868,0.7822898957185063,0.8763494514910432,n.a.,Diandian product collection,Diandian product collection,verified_visible_table;verified_visible_table;same_scope,https://app.diandian.com/app/ky58i5u6ekqvb7y/googleplay-downloads | https://app.diandian.com/app/ky58i5u6ekqvb7y/googleplay-income,n.a.
Hay Day,2025-11,3113282,n.a.,n.a.,11707089,n.a.,n.a.,n.a.,n.a.,n.a.,n.a.,n.a.,n.a.,n.a.,n.a.,n.a.,3.760368961115633,1,0.7782647148881766,0.7782647148881766,0.7661643095979579,Diandian product collection,Diandian product collection,verified_visible_table;verified_visible_table;same_scope,https://app.diandian.com/app/ky58i5u6ekqvb7y/googleplay-downloads | https://app.diandian.com/app/ky58i5u6ekqvb7y/googleplay-income,n.a.
Hay Day,2025-12,2931949,n.a.,n.a.,13631549,n.a.,n.a.,n.a.,n.a.,n.a.,n.a.,n.a.,n.a.,n.a.,n.a.,n.a.,4.649313136074332,0.9417550353613967,0.9061991068803875,0.96224503491254,0.8222512391623568,Diandian product collection,Diandian product collection,verified_visible_table;verified_visible_table;same_scope,https://app.diandian.com/app/ky58i5u6ekqvb7y/googleplay-downloads | https://app.diandian.com/app/ky58i5u6ekqvb7y/googleplay-income,n.a.
Hay Day,2026-01,2607085,n.a.,n.a.,13611922,n.a.,n.a.,n.a.,n.a.,n.a.,n.a.,n.a.,n.a.,n.a.,n.a.,n.a.,5.2211270441892,0.8374072763084103,0.9048943417454244,1.0805904932358854,0.8631193878379961,Diandian product collection,Diandian product collection,verified_visible_table;verified_visible_table;same_scope,https://app.diandian.com/app/ky58i5u6ekqvb7y/googleplay-downloads | https://app.diandian.com/app/ky58i5u6ekqvb7y/googleplay-income,n.a.
Hay Day,2026-02,2769471,n.a.,n.a.,12490722,n.a.,n.a.,n.a.,n.a.,n.a.,n.a.,n.a.,n.a.,n.a.,n.a.,n.a.,4.51014724472652,0.8895663804306838,0.830359126515351,0.9334425679546617,0.8804841917137209,Diandian product collection,Diandian product collection,verified_visible_table;verified_visible_table;same_scope,https://app.diandian.com/app/ky58i5u6ekqvb7y/googleplay-downloads | https://app.diandian.com/app/ky58i5u6ekqvb7y/googleplay-income,n.a.
Hay Day,2026-03,2624756,n.a.,n.a.,12669977,n.a.,n.a.,n.a.,n.a.,n.a.,n.a.,n.a.,n.a.,n.a.,n.a.,n.a.,4.827106595813096,0.8430832799598623,0.8422756534561884,0.9990420560781227,0.8591763739056546,Diandian product collection,Diandian product collection,verified_visible_table;verified_visible_table;same_scope,https://app.diandian.com/app/ky58i5u6ekqvb7y/googleplay-downloads | https://app.diandian.com/app/ky58i5u6ekqvb7y/googleplay-income,n.a.
Hay Day,2026-04,2354122,n.a.,n.a.,14854588,n.a.,n.a.,n.a.,n.a.,n.a.,n.a.,n.a.,n.a.,n.a.,n.a.,n.a.,6.310033209833645,0.7561544376641757,0.9875043825669497,1.3059559441553148,0.8867130541794964,Diandian product collection,Diandian product collection,verified_visible_table;verified_visible_table;same_scope,https://app.diandian.com/app/ky58i5u6ekqvb7y/googleplay-downloads | https://app.diandian.com/app/ky58i5u6ekqvb7y/googleplay-income,n.a.
Hay Day,2026-05,2493989,n.a.,n.a.,15042554,n.a.,n.a.,n.a.,n.a.,n.a.,n.a.,n.a.,n.a.,n.a.,n.a.,n.a.,6.031523795814657,0.8010803390120137,1,1.2483142467749457,0.9432600120077127,Diandian product collection,Diandian product collection,verified_visible_table;verified_visible_table;same_scope,https://app.diandian.com/app/ky58i5u6ekqvb7y/googleplay-downloads | https://app.diandian.com/app/ky58i5u6ekqvb7y/googleplay-income,n.a.
Hay Day,2026-06,2381406,n.a.,n.a.,13961207,n.a.,n.a.,n.a.,n.a.,n.a.,n.a.,n.a.,n.a.,n.a.,n.a.,n.a.,5.8625899993533235,0.764918179593111,0.9281141354054637,1.2133508657084904,0.9718728393241378,Diandian product collection,Diandian product collection,verified_visible_table;verified_visible_table;same_scope,https://app.diandian.com/app/ky58i5u6ekqvb7y/googleplay-downloads | https://app.diandian.com/app/ky58i5u6ekqvb7y/googleplay-income,n.a.
Hay Day,2026-07,2503364,n.a.,n.a.,14575576,n.a.,n.a.,n.a.,n.a.,n.a.,n.a.,n.a.,n.a.,n.a.,n.a.,n.a.,5.822395784232737,0.8040916306328819,0.9689562025172055,1.2050320704800304,0.9656901126408897,Diandian product collection,Diandian product collection,verified_visible_table;verified_visible_table;same_scope,https://app.diandian.com/app/ky58i5u6ekqvb7y/googleplay-downloads | https://app.diandian.com/app/ky58i5u6ekqvb7y/googleplay-income,n.a.
Hay Day,2026-08,2720461,n.a.,n.a.,14508815,n.a.,n.a.,n.a.,n.a.,n.a.,4.4,13103000,1.72.86,n.a.,n.a.,n.a.,5.33321925952991,0.8738241508478833,0.964518059898605,1.1037896571784152,0.953862799273758,Diandian product collection,Diandian product collection,verified_visible_table;verified_visible_table;same_scope,https://app.diandian.com/app/ky58i5u6ekqvb7y/googleplay-downloads | https://app.diandian.com/app/ky58i5u6ekqvb7y/googleplay-income,n.a.
我的花园世界,2025-09,784834,n.a.,n.a.,n.a.,n.a.,n.a.,n.a.,n.a.,n.a.,n.a.,n.a.,n.a.,n.a.,n.a.,n.a.,n.a.,0.4324840525659168,n.a.,n.a.,n.a.,Diandian product collection,Diandian product collection,verified_visible_table;source_unavailable;same_scope,https://app.diandian.com/app/7yrgt9upl7q7bon/android-downloads | https://app.diandian.com/app/7yrgt9upl7q7bon/android-income,Domestic Android collection download table is available; the matched iOS income page returned no table.
我的花园世界,2025-10,969874,n.a.,n.a.,n.a.,n.a.,n.a.,n.a.,n.a.,n.a.,n.a.,n.a.,n.a.,n.a.,n.a.,n.a.,n.a.,0.5344506456120861,n.a.,n.a.,n.a.,Diandian product collection,Diandian product collection,verified_visible_table;source_unavailable;same_scope,https://app.diandian.com/app/7yrgt9upl7q7bon/android-downloads | https://app.diandian.com/app/7yrgt9upl7q7bon/android-income,Domestic Android collection download table is available; the matched iOS income page returned no table.
我的花园世界,2025-11,437594,n.a.,n.a.,n.a.,n.a.,n.a.,n.a.,n.a.,n.a.,n.a.,n.a.,n.a.,n.a.,n.a.,n.a.,n.a.,0.24113688563254115,n.a.,n.a.,n.a.,Diandian product collection,Diandian product collection,verified_visible_table;source_unavailable;same_scope,https://app.diandian.com/app/7yrgt9upl7q7bon/android-downloads | https://app.diandian.com/app/7yrgt9upl7q7bon/android-income,Domestic Android collection download table is available; the matched iOS income page returned no table.
我的花园世界,2025-12,562972,n.a.,n.a.,n.a.,n.a.,n.a.,n.a.,n.a.,n.a.,n.a.,n.a.,n.a.,n.a.,n.a.,n.a.,n.a.,0.31022663651312166,n.a.,n.a.,n.a.,Diandian product collection,Diandian product collection,verified_visible_table;source_unavailable;same_scope,https://app.diandian.com/app/7yrgt9upl7q7bon/android-downloads | https://app.diandian.com/app/7yrgt9upl7q7bon/android-income,Domestic Android collection download table is available; the matched iOS income page returned no table.
我的花园世界,2026-01,527137,n.a.,n.a.,n.a.,n.a.,n.a.,n.a.,n.a.,n.a.,n.a.,n.a.,n.a.,n.a.,n.a.,n.a.,n.a.,0.2904797014622706,n.a.,n.a.,n.a.,Diandian product collection,Diandian product collection,verified_visible_table;source_unavailable;same_scope,https://app.diandian.com/app/7yrgt9upl7q7bon/android-downloads | https://app.diandian.com/app/7yrgt9upl7q7bon/android-income,Domestic Android collection download table is available; the matched iOS income page returned no table.
我的花园世界,2026-02,1792752,n.a.,n.a.,n.a.,n.a.,n.a.,n.a.,n.a.,n.a.,n.a.,n.a.,n.a.,n.a.,n.a.,n.a.,n.a.,0.9878989062727309,n.a.,n.a.,n.a.,Diandian product collection,Diandian product collection,verified_visible_table;source_unavailable;same_scope,https://app.diandian.com/app/7yrgt9upl7q7bon/android-downloads | https://app.diandian.com/app/7yrgt9upl7q7bon/android-income,Domestic Android collection download table is available; the matched iOS income page returned no table.
我的花园世界,2026-03,1814712,n.a.,n.a.,n.a.,n.a.,n.a.,n.a.,n.a.,n.a.,n.a.,n.a.,n.a.,n.a.,n.a.,n.a.,n.a.,1,n.a.,n.a.,n.a.,Diandian product collection,Diandian product collection,verified_visible_table;source_unavailable;same_scope,https://app.diandian.com/app/7yrgt9upl7q7bon/android-downloads | https://app.diandian.com/app/7yrgt9upl7q7bon/android-income,Domestic Android collection download table is available; the matched iOS income page returned no table.
我的花园世界,2026-04,1239656,n.a.,n.a.,n.a.,n.a.,n.a.,n.a.,n.a.,n.a.,n.a.,n.a.,n.a.,n.a.,n.a.,n.a.,n.a.,0.6831144556271188,n.a.,n.a.,n.a.,Diandian product collection,Diandian product collection,verified_visible_table;source_unavailable;same_scope,https://app.diandian.com/app/7yrgt9upl7q7bon/android-downloads | https://app.diandian.com/app/7yrgt9upl7q7bon/android-income,Domestic Android collection download table is available; the matched iOS income page returned no table.
我的花园世界,2026-05,1068214,n.a.,n.a.,n.a.,n.a.,n.a.,n.a.,n.a.,n.a.,n.a.,n.a.,n.a.,n.a.,n.a.,n.a.,n.a.,0.5886410626038733,n.a.,n.a.,n.a.,Diandian product collection,Diandian product collection,verified_visible_table;source_unavailable;same_scope,https://app.diandian.com/app/7yrgt9upl7q7bon/android-downloads | https://app.diandian.com/app/7yrgt9upl7q7bon/android-income,Domestic Android collection download table is available; the matched iOS income page returned no table.
我的花园世界,2026-06,1175528,n.a.,n.a.,n.a.,n.a.,n.a.,n.a.,n.a.,n.a.,n.a.,n.a.,n.a.,n.a.,n.a.,n.a.,n.a.,0.6477766168956838,n.a.,n.a.,n.a.,Diandian product collection,Diandian product collection,verified_visible_table;source_unavailable;same_scope,https://app.diandian.com/app/7yrgt9upl7q7bon/android-downloads | https://app.diandian.com/app/7yrgt9upl7q7bon/android-income,Domestic Android collection download table is available; the matched iOS income page returned no table.
我的花园世界,2026-07,900620,n.a.,n.a.,n.a.,n.a.,n.a.,n.a.,n.a.,n.a.,n.a.,n.a.,n.a.,n.a.,n.a.,n.a.,n.a.,0.4962881162410344,n.a.,n.a.,n.a.,Diandian product collection,Diandian product collection,verified_visible_table;source_unavailable;same_scope,https://app.diandian.com/app/7yrgt9upl7q7bon/android-downloads | https://app.diandian.com/app/7yrgt9upl7q7bon/android-income,Domestic Android collection download table is available; the matched iOS income page returned no table.
我的花园世界,2026-08,731803,n.a.,n.a.,n.a.,n.a.,n.a.,n.a.,n.a.,n.a.,4.18,1507,1.1.6,n.a.,n.a.,n.a.,n.a.,0.4032612337384665,n.a.,n.a.,n.a.,Diandian product collection,Diandian product collection,verified_visible_table;source_unavailable;same_scope,https://app.diandian.com/app/7yrgt9upl7q7bon/android-downloads | https://app.diandian.com/app/7yrgt9upl7q7bon/android-income,Domestic Android collection download table is available; the matched iOS income page returned no table.
The Cozy Florist,2025-09,n.a.,n.a.,n.a.,n.a.,n.a.,n.a.,n.a.,n.a.,n.a.,n.a.,n.a.,n.a.,n.a.,n.a.,n.a.,n.a.,n.a.,n.a.,n.a.,n.a.,Diandian product collection,Diandian product collection,verified_visible_table;verified_visible_table;same_scope,https://app.diandian.com/app/nwoiwu7wgjzjsr4/googleplay-downloads | https://app.diandian.com/app/nwoiwu7wgjzjsr4/googleplay-income,n.a.
The Cozy Florist,2025-10,n.a.,n.a.,n.a.,n.a.,n.a.,n.a.,n.a.,n.a.,n.a.,n.a.,n.a.,n.a.,n.a.,n.a.,n.a.,n.a.,n.a.,n.a.,n.a.,n.a.,Diandian product collection,Diandian product collection,verified_visible_table;verified_visible_table;same_scope,https://app.diandian.com/app/nwoiwu7wgjzjsr4/googleplay-downloads | https://app.diandian.com/app/nwoiwu7wgjzjsr4/googleplay-income,n.a.
The Cozy Florist,2025-11,n.a.,n.a.,n.a.,n.a.,n.a.,n.a.,n.a.,n.a.,n.a.,n.a.,n.a.,n.a.,n.a.,n.a.,n.a.,n.a.,n.a.,n.a.,n.a.,n.a.,Diandian product collection,Diandian product collection,verified_visible_table;verified_visible_table;same_scope,https://app.diandian.com/app/nwoiwu7wgjzjsr4/googleplay-downloads | https://app.diandian.com/app/nwoiwu7wgjzjsr4/googleplay-income,n.a.
The Cozy Florist,2025-12,139357,n.a.,n.a.,9154,n.a.,n.a.,n.a.,n.a.,n.a.,n.a.,n.a.,n.a.,n.a.,n.a.,n.a.,0.06568740716289817,0.07162413378212452,0.00790224489707831,0.11032936078663613,n.a.,Diandian product collection,Diandian product collection,verified_visible_table;verified_visible_table;same_scope,https://app.diandian.com/app/nwoiwu7wgjzjsr4/googleplay-downloads | https://app.diandian.com/app/nwoiwu7wgjzjsr4/googleplay-income,n.a.
The Cozy Florist,2026-01,282108,n.a.,n.a.,122091,n.a.,n.a.,n.a.,n.a.,n.a.,n.a.,n.a.,n.a.,n.a.,n.a.,n.a.,0.432781062571781,0.14499265292025218,0.10539578126820931,0.7269042889102687,n.a.,Diandian product collection,Diandian product collection,verified_visible_table;verified_visible_table;same_scope,https://app.diandian.com/app/nwoiwu7wgjzjsr4/googleplay-downloads | https://app.diandian.com/app/nwoiwu7wgjzjsr4/googleplay-income,n.a.
The Cozy Florist,2026-02,980076,n.a.,n.a.,731328,n.a.,n.a.,n.a.,n.a.,n.a.,n.a.,n.a.,n.a.,n.a.,n.a.,n.a.,0.746195193025847,0.5037213382940898,0.6313232418713662,1.2533184399323143,0.24820708934555127,Diandian product collection,Diandian product collection,verified_visible_table;verified_visible_table;same_scope,https://app.diandian.com/app/nwoiwu7wgjzjsr4/googleplay-downloads | https://app.diandian.com/app/nwoiwu7wgjzjsr4/googleplay-income,n.a.
The Cozy Florist,2026-03,1945671,n.a.,n.a.,1158405,n.a.,n.a.,n.a.,n.a.,n.a.,n.a.,n.a.,n.a.,n.a.,n.a.,n.a.,0.5953755799413158,1,1,1,0.5789063410465252,Diandian product collection,Diandian product collection,verified_visible_table;verified_visible_table;same_scope,https://app.diandian.com/app/nwoiwu7wgjzjsr4/googleplay-downloads | https://app.diandian.com/app/nwoiwu7wgjzjsr4/googleplay-income,n.a.
The Cozy Florist,2026-04,1688781,n.a.,n.a.,996704,n.a.,n.a.,n.a.,n.a.,n.a.,n.a.,n.a.,n.a.,n.a.,n.a.,n.a.,0.5901913865681814,0.8679684283725254,0.8604106508518178,0.991292566326544,0.8305779642410613,Diandian product collection,Diandian product collection,verified_visible_table;verified_visible_table;same_scope,https://app.diandian.com/app/nwoiwu7wgjzjsr4/googleplay-downloads | https://app.diandian.com/app/nwoiwu7wgjzjsr4/googleplay-income,n.a.
The Cozy Florist,2026-05,1242627,n.a.,n.a.,989639,n.a.,n.a.,n.a.,n.a.,n.a.,n.a.,n.a.,n.a.,n.a.,n.a.,n.a.,0.7964087372960671,0.6386624460147682,0.8543117476184927,1.3376577141013517,0.9049074661567702,Diandian product collection,Diandian product collection,verified_visible_table;verified_visible_table;same_scope,https://app.diandian.com/app/nwoiwu7wgjzjsr4/googleplay-downloads | https://app.diandian.com/app/nwoiwu7wgjzjsr4/googleplay-income,n.a.
The Cozy Florist,2026-06,988171,n.a.,n.a.,831978,n.a.,n.a.,n.a.,n.a.,n.a.,n.a.,n.a.,n.a.,n.a.,n.a.,n.a.,0.8419372760382565,0.5078818566962245,0.7182099524777603,1.41412799651817,0.8109774503160236,Diandian product collection,Diandian product collection,verified_visible_table;verified_visible_table;same_scope,https://app.diandian.com/app/nwoiwu7wgjzjsr4/googleplay-downloads | https://app.diandian.com/app/nwoiwu7wgjzjsr4/googleplay-income,n.a.
The Cozy Florist,2026-07,710421,n.a.,n.a.,714063,n.a.,n.a.,n.a.,n.a.,n.a.,n.a.,n.a.,n.a.,n.a.,n.a.,n.a.,1.0051265376445797,0.36512904802507723,0.6164191280251725,1.688222647196332,0.7296469427071418,Diandian product collection,Diandian product collection,verified_visible_table;verified_visible_table;same_scope,https://app.diandian.com/app/nwoiwu7wgjzjsr4/googleplay-downloads | https://app.diandian.com/app/nwoiwu7wgjzjsr4/googleplay-income,n.a.
The Cozy Florist,2026-08,1383555,n.a.,n.a.,791306,n.a.,n.a.,n.a.,n.a.,n.a.,4.7,157000,1.0.80,n.a.,n.a.,n.a.,0.5719367860330814,0.711094013324966,0.6830996067869182,0.9606319192491154,0.672576229096617,Diandian product collection,Diandian product collection,verified_visible_table;verified_visible_table;same_scope,https://app.diandian.com/app/nwoiwu7wgjzjsr4/googleplay-downloads | https://app.diandian.com/app/nwoiwu7wgjzjsr4/googleplay-income,n.a.
"Good Pizza, Great Pizza",2025-09,1415457,n.a.,n.a.,38790,n.a.,n.a.,n.a.,n.a.,n.a.,n.a.,n.a.,n.a.,n.a.,n.a.,n.a.,0.027404576755069212,0.5528314775519386,1,1.8088695029237907,n.a.,Diandian product collection,Diandian product collection,verified_visible_table;verified_visible_table;same_scope,https://app.diandian.com/app/2yedipuqkdqtr4d/googleplay-downloads | https://app.diandian.com/app/2yedipuqkdqtr4d/googleplay-income,n.a.
"Good Pizza, Great Pizza",2025-10,2011185,n.a.,n.a.,34828,n.a.,n.a.,n.a.,n.a.,n.a.,n.a.,n.a.,n.a.,n.a.,n.a.,n.a.,0.01731715381727688,0.7855034629665866,0.8978602732663058,1.1430379566697069,n.a.,Diandian product collection,Diandian product collection,verified_visible_table;verified_visible_table;same_scope,https://app.diandian.com/app/2yedipuqkdqtr4d/googleplay-downloads | https://app.diandian.com/app/2yedipuqkdqtr4d/googleplay-income,n.a.
"Good Pizza, Great Pizza",2025-11,1786995,n.a.,n.a.,31973,n.a.,n.a.,n.a.,n.a.,n.a.,n.a.,n.a.,n.a.,n.a.,n.a.,n.a.,0.01789204782330113,0.6979421389896878,0.8242588295952565,1.1809844735674213,0.9073730342871874,Diandian product collection,Diandian product collection,verified_visible_table;verified_visible_table;same_scope,https://app.diandian.com/app/2yedipuqkdqtr4d/googleplay-downloads | https://app.diandian.com/app/2yedipuqkdqtr4d/googleplay-income,n.a.
"Good Pizza, Great Pizza",2025-12,2542617,n.a.,n.a.,30872,n.a.,n.a.,n.a.,n.a.,n.a.,n.a.,n.a.,n.a.,n.a.,n.a.,n.a.,0.012141820809032583,0.9930635215048409,0.7958752255736015,0.8014343577614957,0.8393314428117212,Diandian product collection,Diandian product collection,verified_visible_table;verified_visible_table;same_scope,https://app.diandian.com/app/2yedipuqkdqtr4d/googleplay-downloads | https://app.diandian.com/app/2yedipuqkdqtr4d/googleplay-income,n.a.
"Good Pizza, Great Pizza",2026-01,2560377,n.a.,n.a.,17916,n.a.,n.a.,n.a.,n.a.,n.a.,n.a.,n.a.,n.a.,n.a.,n.a.,n.a.,0.006997407022481455,1,0.46187161639597835,0.46187161639597835,0.6940018905216121,Diandian product collection,Diandian product collection,verified_visible_table;verified_visible_table;same_scope,https://app.diandian.com/app/2yedipuqkdqtr4d/googleplay-downloads | https://app.diandian.com/app/2yedipuqkdqtr4d/googleplay-income,n.a.
"Good Pizza, Great Pizza",2026-02,2069716,n.a.,n.a.,27737,n.a.,n.a.,n.a.,n.a.,n.a.,n.a.,n.a.,n.a.,n.a.,n.a.,n.a.,0.013401355548297448,0.8083637683044332,0.7150554266563547,0.8845713460861865,0.6576007562086448,Diandian product collection,Diandian product collection,verified_visible_table;verified_visible_table;same_scope,https://app.diandian.com/app/2yedipuqkdqtr4d/googleplay-downloads | https://app.diandian.com/app/2yedipuqkdqtr4d/googleplay-income,n.a.
"Good Pizza, Great Pizza",2026-03,2071453,n.a.,n.a.,22879,n.a.,n.a.,n.a.,n.a.,n.a.,n.a.,n.a.,n.a.,n.a.,n.a.,n.a.,0.011044904229060471,0.8090421840221186,0.5898169631348286,0.7290311615181532,0.5889146687290538,Diandian product collection,Diandian product collection,verified_visible_table;verified_visible_table;same_scope,https://app.diandian.com/app/2yedipuqkdqtr4d/googleplay-downloads | https://app.diandian.com/app/2yedipuqkdqtr4d/googleplay-income,n.a.
"Good Pizza, Great Pizza",2026-04,2000040,n.a.,n.a.,36508,n.a.,n.a.,n.a.,n.a.,n.a.,n.a.,n.a.,n.a.,n.a.,n.a.,n.a.,0.018253634927301456,0.7811505883703845,0.9411704047434906,1.2048514316643288,0.7486809315115579,Diandian product collection,Diandian product collection,verified_visible_table;verified_visible_table;same_scope,https://app.diandian.com/app/2yedipuqkdqtr4d/googleplay-downloads | https://app.diandian.com/app/2yedipuqkdqtr4d/googleplay-income,n.a.
"Good Pizza, Great Pizza",2026-05,2123172,n.a.,n.a.,26558,n.a.,n.a.,n.a.,n.a.,n.a.,n.a.,n.a.,n.a.,n.a.,n.a.,n.a.,0.012508642728898083,0.8292419436668896,0.6846609951018303,0.8256468456892985,0.7385494543267165,Diandian product collection,Diandian product collection,verified_visible_table;verified_visible_table;same_scope,https://app.diandian.com/app/2yedipuqkdqtr4d/googleplay-downloads | https://app.diandian.com/app/2yedipuqkdqtr4d/googleplay-income,n.a.
"Good Pizza, Great Pizza",2026-06,1942830,n.a.,n.a.,22677,n.a.,n.a.,n.a.,n.a.,n.a.,n.a.,n.a.,n.a.,n.a.,n.a.,n.a.,0.011672148360896218,0.7588062226773635,0.5846094354215003,0.7704331065693832,0.7368136117556071,Diandian product collection,Diandian product collection,verified_visible_table;verified_visible_table;same_scope,https://app.diandian.com/app/2yedipuqkdqtr4d/googleplay-downloads | https://app.diandian.com/app/2yedipuqkdqtr4d/googleplay-income,n.a.
"Good Pizza, Great Pizza",2026-07,2217345,n.a.,n.a.,28970,n.a.,n.a.,n.a.,n.a.,n.a.,n.a.,n.a.,n.a.,n.a.,n.a.,n.a.,0.013065174792375567,0.8660228552279605,0.7468419695797887,0.8623813621907239,0.6720374667010398,Diandian product collection,Diandian product collection,verified_visible_table;verified_visible_table;same_scope,https://app.diandian.com/app/2yedipuqkdqtr4d/googleplay-downloads | https://app.diandian.com/app/2yedipuqkdqtr4d/googleplay-income,n.a.
"Good Pizza, Great Pizza",2026-08,1999298,n.a.,n.a.,27177,n.a.,n.a.,n.a.,n.a.,n.a.,4.7,1872000,5.57.3,n.a.,n.a.,n.a.,0.01359327123820461,0.7808607872981206,0.7006187161639598,0.8972389541907864,0.677356707055083,Diandian product collection,Diandian product collection,verified_visible_table;verified_visible_table;same_scope,https://app.diandian.com/app/2yedipuqkdqtr4d/googleplay-downloads | https://app.diandian.com/app/2yedipuqkdqtr4d/googleplay-income,n.a.
My Perfect Hotel,2025-09,5148391,n.a.,n.a.,549955,n.a.,n.a.,n.a.,n.a.,n.a.,n.a.,n.a.,n.a.,n.a.,n.a.,n.a.,0.10682075234767523,0.9088218041355313,0.8137860721694944,0.8954297404248189,n.a.,Diandian product collection,Diandian product collection,verified_visible_table;verified_visible_table;same_scope,https://app.diandian.com/app/4v2imuppkwe6igy/googleplay-downloads | https://app.diandian.com/app/4v2imuppkwe6igy/googleplay-income,n.a.
My Perfect Hotel,2025-10,5545468,n.a.,n.a.,459061,n.a.,n.a.,n.a.,n.a.,n.a.,n.a.,n.a.,n.a.,n.a.,n.a.,n.a.,0.08278129095686784,0.9789159822041209,0.6792873018268772,0.6939178787309186,n.a.,Diandian product collection,Diandian product collection,verified_visible_table;verified_visible_table;same_scope,https://app.diandian.com/app/4v2imuppkwe6igy/googleplay-downloads | https://app.diandian.com/app/4v2imuppkwe6igy/googleplay-income,n.a.
My Perfect Hotel,2025-11,5397184,n.a.,n.a.,360334,n.a.,n.a.,n.a.,n.a.,n.a.,n.a.,n.a.,n.a.,n.a.,n.a.,n.a.,0.06676333436102976,0.9527400891135547,0.5331977898721215,0.5596466402166593,0.6754237212894978,Diandian product collection,Diandian product collection,verified_visible_table;verified_visible_table;same_scope,https://app.diandian.com/app/4v2imuppkwe6igy/googleplay-downloads | https://app.diandian.com/app/4v2imuppkwe6igy/googleplay-income,n.a.
My Perfect Hotel,2025-12,5664907,n.a.,n.a.,377169,n.a.,n.a.,n.a.,n.a.,n.a.,n.a.,n.a.,n.a.,n.a.,n.a.,n.a.,0.06657991031450296,1,0.5581090799321691,0.5581090799321691,0.5901980572103893,Diandian product collection,Diandian product collection,verified_visible_table;verified_visible_table;same_scope,https://app.diandian.com/app/4v2imuppkwe6igy/googleplay-downloads | https://app.diandian.com/app/4v2imuppkwe6igy/googleplay-income,n.a.
My Perfect Hotel,2026-01,5157455,n.a.,n.a.,376373,n.a.,n.a.,n.a.,n.a.,n.a.,n.a.,n.a.,n.a.,n.a.,n.a.,n.a.,0.0729764971289134,0.9104218304025115,0.5569312131731672,0.6117287553692988,0.5494126943258193,Diandian product collection,Diandian product collection,verified_visible_table;verified_visible_table;same_scope,https://app.diandian.com/app/4v2imuppkwe6igy/googleplay-downloads | https://app.diandian.com/app/4v2imuppkwe6igy/googleplay-income,n.a.
My Perfect Hotel,2026-02,3665958,n.a.,n.a.,303975,n.a.,n.a.,n.a.,n.a.,n.a.,n.a.,n.a.,n.a.,n.a.,n.a.,n.a.,0.08291829857297874,0.6471347190695276,0.449801567924143,0.6950663512087298,0.5216139536764931,Diandian product collection,Diandian product collection,verified_visible_table;verified_visible_table;same_scope,https://app.diandian.com/app/4v2imuppkwe6igy/googleplay-downloads | https://app.diandian.com/app/4v2imuppkwe6igy/googleplay-income,n.a.
My Perfect Hotel,2026-03,3634759,n.a.,n.a.,305136,n.a.,n.a.,n.a.,n.a.,n.a.,n.a.,n.a.,n.a.,n.a.,n.a.,n.a.,0.08394944479125026,0.6416273029724936,0.4515195369030391,0.7037099805623385,0.4860841060001164,Diandian product collection,Diandian product collection,verified_visible_table;verified_visible_table;same_scope,https://app.diandian.com/app/4v2imuppkwe6igy/googleplay-downloads | https://app.diandian.com/app/4v2imuppkwe6igy/googleplay-income,n.a.
My Perfect Hotel,2026-04,3771660,n.a.,n.a.,311639,n.a.,n.a.,n.a.,n.a.,n.a.,n.a.,n.a.,n.a.,n.a.,n.a.,n.a.,0.0826264827688604,0.6657938073828926,0.46114223480981004,0.692620192162002,0.45415444654566406,Diandian product collection,Diandian product collection,verified_visible_table;verified_visible_table;same_scope,https://app.diandian.com/app/4v2imuppkwe6igy/googleplay-downloads | https://app.diandian.com/app/4v2imuppkwe6igy/googleplay-income,n.a.
My Perfect Hotel,2026-05,3485212,n.a.,n.a.,359398,n.a.,n.a.,n.a.,n.a.,n.a.,n.a.,n.a.,n.a.,n.a.,n.a.,n.a.,0.10312084315100488,0.6152284582959614,0.5318127606178178,0.8644150858866549,0.48149151077688895,Diandian product collection,Diandian product collection,verified_visible_table;verified_visible_table;same_scope,https://app.diandian.com/app/4v2imuppkwe6igy/googleplay-downloads | https://app.diandian.com/app/4v2imuppkwe6igy/googleplay-income,n.a.
My Perfect Hotel,2026-06,3782976,n.a.,n.a.,395511,n.a.,n.a.,n.a.,n.a.,n.a.,n.a.,n.a.,n.a.,n.a.,n.a.,n.a.,0.10455022712277318,0.6677913688609539,0.5852503262809301,0.8763969610436664,0.5260684405695193,Diandian product collection,Diandian product collection,verified_visible_table;verified_visible_table;same_scope,https://app.diandian.com/app/4v2imuppkwe6igy/googleplay-downloads | https://app.diandian.com/app/4v2imuppkwe6igy/googleplay-income,n.a.
My Perfect Hotel,2026-07,4800786,n.a.,n.a.,647059,n.a.,n.a.,n.a.,n.a.,n.a.,n.a.,n.a.,n.a.,n.a.,n.a.,n.a.,0.13478188779920622,0.8474606908815979,0.957473978910858,1.129815210561348,0.6915123552698687,Diandian product collection,Diandian product collection,verified_visible_table;verified_visible_table;same_scope,https://app.diandian.com/app/4v2imuppkwe6igy/googleplay-downloads | https://app.diandian.com/app/4v2imuppkwe6igy/googleplay-income,n.a.
My Perfect Hotel,2026-08,4923278,n.a.,n.a.,675798,n.a.,n.a.,n.a.,n.a.,n.a.,4.5,1841000,1.37.1,n.a.,n.a.,n.a.,0.13726586229743679,0.8690836407376149,1,1.150637238035309,0.8475747683972628,Diandian product collection,Diandian product collection,verified_visible_table;verified_visible_table;same_scope,https://app.diandian.com/app/4v2imuppkwe6igy/googleplay-downloads | https://app.diandian.com/app/4v2imuppkwe6igy/googleplay-income,n.a.
Eatventure,2025-09,223357,n.a.,n.a.,312523,n.a.,n.a.,n.a.,n.a.,n.a.,n.a.,n.a.,n.a.,n.a.,n.a.,n.a.,1.3992084420904651,0.33335621805156523,0.6461933226779589,1.9384468856015233,n.a.,Diandian product collection,Diandian product collection,verified_visible_table;verified_visible_table;same_scope,https://app.diandian.com/app/pn3qiru635m5ugy/googleplay-downloads | https://app.diandian.com/app/pn3qiru635m5ugy/googleplay-income,n.a.
Eatventure,2025-10,153283,n.a.,n.a.,304242,n.a.,n.a.,n.a.,n.a.,n.a.,n.a.,n.a.,n.a.,n.a.,n.a.,n.a.,1.9848385013341336,0.22877206074400208,0.6290709767863087,2.7497718678604053,n.a.,Diandian product collection,Diandian product collection,verified_visible_table;verified_visible_table;same_scope,https://app.diandian.com/app/pn3qiru635m5ugy/googleplay-downloads | https://app.diandian.com/app/pn3qiru635m5ugy/googleplay-income,n.a.
Eatventure,2025-11,155774,n.a.,n.a.,252084,n.a.,n.a.,n.a.,n.a.,n.a.,n.a.,n.a.,n.a.,n.a.,n.a.,n.a.,1.618267490081785,0.23248983246893773,0.5212256299662763,2.2419287090153315,0.598829976476848,Diandian product collection,Diandian product collection,verified_visible_table;verified_visible_table;same_scope,https://app.diandian.com/app/pn3qiru635m5ugy/googleplay-downloads | https://app.diandian.com/app/pn3qiru635m5ugy/googleplay-income,n.a.
Eatventure,2025-12,369458,n.a.,n.a.,276797,n.a.,n.a.,n.a.,n.a.,n.a.,n.a.,n.a.,n.a.,n.a.,n.a.,n.a.,0.749197473055124,0.551409275773292,0.5723238710024253,1.037929349664644,0.5742068259183368,Diandian product collection,Diandian product collection,verified_visible_table;verified_visible_table;same_scope,https://app.diandian.com/app/pn3qiru635m5ugy/googleplay-downloads | https://app.diandian.com/app/pn3qiru635m5ugy/googleplay-income,n.a.
Eatventure,2026-01,569118,n.a.,n.a.,338944,n.a.,n.a.,n.a.,n.a.,n.a.,n.a.,n.a.,n.a.,n.a.,n.a.,n.a.,0.5955601474562393,0.8493981567851946,0.700823138014668,0.8250820094396556,0.5981242129944566,Diandian product collection,Diandian product collection,verified_visible_table;verified_visible_table;same_scope,https://app.diandian.com/app/pn3qiru635m5ugy/googleplay-downloads | https://app.diandian.com/app/pn3qiru635m5ugy/googleplay-income,n.a.
Eatventure,2026-02,609791,n.a.,n.a.,345826,n.a.,n.a.,n.a.,n.a.,n.a.,n.a.,n.a.,n.a.,n.a.,n.a.,n.a.,0.5671221779265355,0.9101018618708258,0.7150528185395245,0.7856843816027866,0.6627332758522059,Diandian product collection,Diandian product collection,verified_visible_table;verified_visible_table;same_scope,https://app.diandian.com/app/pn3qiru635m5ugy/googleplay-downloads | https://app.diandian.com/app/pn3qiru635m5ugy/googleplay-income,n.a.
Eatventure,2026-03,641532,n.a.,n.a.,405895,n.a.,n.a.,n.a.,n.a.,n.a.,n.a.,n.a.,n.a.,n.a.,n.a.,n.a.,0.6326964204435632,0.9574747210924965,0.8392554746638491,0.8765301643747241,0.7517104770726806,Diandian product collection,Diandian product collection,verified_visible_table;verified_visible_table;same_scope,https://app.diandian.com/app/pn3qiru635m5ugy/googleplay-downloads | https://app.diandian.com/app/pn3qiru635m5ugy/googleplay-income,n.a.
Eatventure,2026-04,650430,n.a.,n.a.,398119,n.a.,n.a.,n.a.,n.a.,n.a.,n.a.,n.a.,n.a.,n.a.,n.a.,n.a.,0.6120858508986363,0.970754822581247,0.8231773003306199,0.8479765242286235,0.7924951978446645,Diandian product collection,Diandian product collection,verified_visible_table;verified_visible_table;same_scope,https://app.diandian.com/app/pn3qiru635m5ugy/googleplay-downloads | https://app.diandian.com/app/pn3qiru635m5ugy/googleplay-income,n.a.
Eatventure,2026-05,599176,n.a.,n.a.,483637,n.a.,n.a.,n.a.,n.a.,n.a.,n.a.,n.a.,n.a.,n.a.,n.a.,n.a.,0.8071701803810567,0.8942591694339763,1,1.1182440551690989,0.887477591664823,Diandian product collection,Diandian product collection,verified_visible_table;verified_visible_table;same_scope,https://app.diandian.com/app/pn3qiru635m5ugy/googleplay-downloads | https://app.diandian.com/app/pn3qiru635m5ugy/googleplay-income,n.a.
Eatventure,2026-06,670025,n.a.,n.a.,479215,n.a.,n.a.,n.a.,n.a.,n.a.,n.a.,n.a.,n.a.,n.a.,n.a.,n.a.,0.7152195813589045,1,0.9908567789478473,0.9908567789478473,0.938011359759489,Diandian product collection,Diandian product collection,verified_visible_table;verified_visible_table;same_scope,https://app.diandian.com/app/pn3qiru635m5ugy/googleplay-downloads | https://app.diandian.com/app/pn3qiru635m5ugy/googleplay-income,n.a.
Eatventure,2026-07,640108,n.a.,n.a.,477780,n.a.,n.a.,n.a.,n.a.,n.a.,n.a.,n.a.,n.a.,n.a.,n.a.,n.a.,0.7464052941066195,0.9553494272601769,0.9878896775887701,1.0340610978560112,0.9929154855122058,Diandian product collection,Diandian product collection,verified_visible_table;verified_visible_table;same_scope,https://app.diandian.com/app/pn3qiru635m5ugy/googleplay-downloads | https://app.diandian.com/app/pn3qiru635m5ugy/googleplay-income,n.a.
Eatventure,2026-08,631371,n.a.,n.a.,405227,n.a.,n.a.,n.a.,n.a.,n.a.,4.7,420000,1.54.0,n.a.,n.a.,n.a.,0.6418207361440421,0.9423096153128615,0.8378742734737004,0.8891708838135044,0.9388735766701058,Diandian product collection,Diandian product collection,verified_visible_table;verified_visible_table;same_scope,https://app.diandian.com/app/pn3qiru635m5ugy/googleplay-downloads | https://app.diandian.com/app/pn3qiru635m5ugy/googleplay-income,n.a.
Office Cat,2025-09,429095,n.a.,n.a.,413268,n.a.,n.a.,n.a.,n.a.,n.a.,n.a.,n.a.,n.a.,n.a.,n.a.,n.a.,0.9631153940269638,1,1,1,n.a.,Diandian product collection,Diandian product collection,verified_visible_table;verified_visible_table;same_scope,https://app.diandian.com/app/yedipu8dp09qfr4/googleplay-downloads | https://app.diandian.com/app/yedipu8dp09qfr4/googleplay-income,n.a.
Office Cat,2025-10,409323,n.a.,n.a.,360117,n.a.,n.a.,n.a.,n.a.,n.a.,n.a.,n.a.,n.a.,n.a.,n.a.,n.a.,0.8797868675837908,0.9539216257472122,0.8713885420598739,0.9134802257756871,n.a.,Diandian product collection,Diandian product collection,verified_visible_table;verified_visible_table;same_scope,https://app.diandian.com/app/yedipu8dp09qfr4/googleplay-downloads | https://app.diandian.com/app/yedipu8dp09qfr4/googleplay-income,n.a.
Office Cat,2025-11,230844,n.a.,n.a.,325331,n.a.,n.a.,n.a.,n.a.,n.a.,n.a.,n.a.,n.a.,n.a.,n.a.,n.a.,1.4093110498865034,0.5379787692702083,0.7872155598788195,1.4632836923039023,0.8862013673128979,Diandian product collection,Diandian product collection,verified_visible_table;verified_visible_table;same_scope,https://app.diandian.com/app/yedipu8dp09qfr4/googleplay-downloads | https://app.diandian.com/app/yedipu8dp09qfr4/googleplay-income,n.a.
Office Cat,2025-12,235311,n.a.,n.a.,241237,n.a.,n.a.,n.a.,n.a.,n.a.,n.a.,n.a.,n.a.,n.a.,n.a.,n.a.,1.0251836930700222,0.5483890513755695,0.5837301702527173,1.0644453400163603,0.747444757397137,Diandian product collection,Diandian product collection,verified_visible_table;verified_visible_table;same_scope,https://app.diandian.com/app/yedipu8dp09qfr4/googleplay-downloads | https://app.diandian.com/app/yedipu8dp09qfr4/googleplay-income,n.a.
Office Cat,2026-01,209217,n.a.,n.a.,191324,n.a.,n.a.,n.a.,n.a.,n.a.,n.a.,n.a.,n.a.,n.a.,n.a.,n.a.,0.9144763570837934,0.48757734301261957,0.46295382173311267,0.9494982249844419,0.6112998506215498,Diandian product collection,Diandian product collection,verified_visible_table;verified_visible_table;same_scope,https://app.diandian.com/app/yedipu8dp09qfr4/googleplay-downloads | https://app.diandian.com/app/yedipu8dp09qfr4/googleplay-income,n.a.
Office Cat,2026-02,196691,n.a.,n.a.,163868,n.a.,n.a.,n.a.,n.a.,n.a.,n.a.,n.a.,n.a.,n.a.,n.a.,n.a.,0.8331240371953978,0.45838567217049836,0.3965175140586738,0.8650303404579093,0.48106716868150123,Diandian product collection,Diandian product collection,verified_visible_table;verified_visible_table;same_scope,https://app.diandian.com/app/yedipu8dp09qfr4/googleplay-downloads | https://app.diandian.com/app/yedipu8dp09qfr4/googleplay-income,n.a.
Office Cat,2026-03,217214,n.a.,n.a.,154950,n.a.,n.a.,n.a.,n.a.,n.a.,n.a.,n.a.,n.a.,n.a.,n.a.,n.a.,0.7133518097360207,0.5062142416015102,0.3749382966985104,0.7406711741501345,0.41146987749676567,Diandian product collection,Diandian product collection,verified_visible_table;verified_visible_table;same_scope,https://app.diandian.com/app/yedipu8dp09qfr4/googleplay-downloads | https://app.diandian.com/app/yedipu8dp09qfr4/googleplay-income,n.a.
Office Cat,2026-04,200243,n.a.,n.a.,245099,n.a.,n.a.,n.a.,n.a.,n.a.,n.a.,n.a.,n.a.,n.a.,n.a.,n.a.,1.2240078304859596,0.4666635593516587,0.5930751957567486,1.2708838816999448,0.45484366883797767,Diandian product collection,Diandian product collection,verified_visible_table;verified_visible_table;same_scope,https://app.diandian.com/app/yedipu8dp09qfr4/googleplay-downloads | https://app.diandian.com/app/yedipu8dp09qfr4/googleplay-income,n.a.
Office Cat,2026-05,179451,n.a.,n.a.,264517,n.a.,n.a.,n.a.,n.a.,n.a.,n.a.,n.a.,n.a.,n.a.,n.a.,n.a.,1.4740346947077476,0.41820808911779445,0.6400616549067433,1.5304860703602041,0.5360250491206675,Diandian product collection,Diandian product collection,verified_visible_table;verified_visible_table;same_scope,https://app.diandian.com/app/yedipu8dp09qfr4/googleplay-downloads | https://app.diandian.com/app/yedipu8dp09qfr4/googleplay-income,n.a.
Office Cat,2026-06,160710,n.a.,n.a.,247126,n.a.,n.a.,n.a.,n.a.,n.a.,n.a.,n.a.,n.a.,n.a.,n.a.,n.a.,1.5377138945927447,0.37453244619489856,0.5979800032908428,1.5966040041819687,0.6103722846514449,Diandian product collection,Diandian product collection,verified_visible_table;verified_visible_table;same_scope,https://app.diandian.com/app/yedipu8dp09qfr4/googleplay-downloads | https://app.diandian.com/app/yedipu8dp09qfr4/googleplay-income,n.a.
Office Cat,2026-07,147551,n.a.,n.a.,226145,n.a.,n.a.,n.a.,n.a.,n.a.,n.a.,n.a.,n.a.,n.a.,n.a.,n.a.,1.5326565052083687,0.3438655775527564,0.5472114947201332,1.5913529310335786,0.5950843843059065,Diandian product collection,Diandian product collection,verified_visible_table;verified_visible_table;same_scope,https://app.diandian.com/app/yedipu8dp09qfr4/googleplay-downloads | https://app.diandian.com/app/yedipu8dp09qfr4/googleplay-income,n.a.
Office Cat,2026-08,101219,n.a.,n.a.,231929,n.a.,n.a.,n.a.,n.a.,n.a.,4.6,510000,1.0.80,n.a.,n.a.,n.a.,2.291358341813296,0.2358894883417425,0.5612072553403602,2.3791109103060872,0.5687995844504453,Diandian product collection,Diandian product collection,verified_visible_table;verified_visible_table;same_scope,https://app.diandian.com/app/yedipu8dp09qfr4/googleplay-downloads | https://app.diandian.com/app/yedipu8dp09qfr4/googleplay-income,n.a.
Rent Please!,2025-09,392611,n.a.,n.a.,342248,n.a.,n.a.,n.a.,n.a.,n.a.,n.a.,n.a.,n.a.,n.a.,n.a.,n.a.,0.8717229012941563,0.34423678197603563,0.5894303202317435,1.712281636053573,n.a.,Diandian product collection,Diandian product collection,verified_visible_table;verified_visible_table;same_scope,https://app.diandian.com/app/nzki9u1w9r8ecvn/googleplay-downloads | https://app.diandian.com/app/nzki9u1w9r8ecvn/googleplay-income,n.a.
Rent Please!,2025-10,455961,n.a.,n.a.,405465,n.a.,n.a.,n.a.,n.a.,n.a.,n.a.,n.a.,n.a.,n.a.,n.a.,n.a.,0.8892536861705277,0.3997813289657579,0.698304635214125,1.7467164787826703,n.a.,Diandian product collection,Diandian product collection,verified_visible_table;verified_visible_table;same_scope,https://app.diandian.com/app/nzki9u1w9r8ecvn/googleplay-downloads | https://app.diandian.com/app/nzki9u1w9r8ecvn/googleplay-income,n.a.
Rent Please!,2025-11,573710,n.a.,n.a.,404218,n.a.,n.a.,n.a.,n.a.,n.a.,n.a.,n.a.,n.a.,n.a.,n.a.,n.a.,0.704568510222935,0.503022289715447,0.696157012410401,1.3839486373540377,0.6612973226187565,Diandian product collection,Diandian product collection,verified_visible_table;verified_visible_table;same_scope,https://app.diandian.com/app/nzki9u1w9r8ecvn/googleplay-downloads | https://app.diandian.com/app/nzki9u1w9r8ecvn/googleplay-income,n.a.
Rent Please!,2025-12,753409,n.a.,n.a.,390582,n.a.,n.a.,n.a.,n.a.,n.a.,n.a.,n.a.,n.a.,n.a.,n.a.,n.a.,0.5184196100657147,0.6605802936539807,0.6726726623289393,1.0183056757689062,0.6890447699844884,Diandian product collection,Diandian product collection,verified_visible_table;verified_visible_table;same_scope,https://app.diandian.com/app/nzki9u1w9r8ecvn/googleplay-downloads | https://app.diandian.com/app/nzki9u1w9r8ecvn/googleplay-income,n.a.
Rent Please!,2026-01,745593,n.a.,n.a.,447741,n.a.,n.a.,n.a.,n.a.,n.a.,n.a.,n.a.,n.a.,n.a.,n.a.,n.a.,0.6005166357516769,0.6537273152913655,0.7711136982856907,1.1795647516151382,0.7133144576750102,Diandian product collection,Diandian product collection,verified_visible_table;verified_visible_table;same_scope,https://app.diandian.com/app/nzki9u1w9r8ecvn/googleplay-downloads | https://app.diandian.com/app/nzki9u1w9r8ecvn/googleplay-income,n.a.
Rent Please!,2026-02,1049528,n.a.,n.a.,444689,n.a.,n.a.,n.a.,n.a.,n.a.,n.a.,n.a.,n.a.,n.a.,n.a.,n.a.,0.42370379827884536,0.9202140065197988,0.7658574474461027,0.8322601503779925,0.7365479360202443,Diandian product collection,Diandian product collection,verified_visible_table;verified_visible_table;same_scope,https://app.diandian.com/app/nzki9u1w9r8ecvn/googleplay-downloads | https://app.diandian.com/app/nzki9u1w9r8ecvn/googleplay-income,n.a.
Rent Please!,2026-03,954929,n.a.,n.a.,572464,n.a.,n.a.,n.a.,n.a.,n.a.,n.a.,n.a.,n.a.,n.a.,n.a.,n.a.,0.5994833123719145,0.8372706979060539,0.9859155899848788,1.1775350462527516,0.8409622452388907,Diandian product collection,Diandian product collection,verified_visible_table;verified_visible_table;same_scope,https://app.diandian.com/app/nzki9u1w9r8ecvn/googleplay-downloads | https://app.diandian.com/app/nzki9u1w9r8ecvn/googleplay-income,n.a.
Rent Please!,2026-04,712623,n.a.,n.a.,580642,n.a.,n.a.,n.a.,n.a.,n.a.,n.a.,n.a.,n.a.,n.a.,n.a.,n.a.,0.8147954809204867,0.6248196007806924,1,1.6004619553396395,0.9172576791436606,Diandian product collection,Diandian product collection,verified_visible_table;verified_visible_table;same_scope,https://app.diandian.com/app/nzki9u1w9r8ecvn/googleplay-downloads | https://app.diandian.com/app/nzki9u1w9r8ecvn/googleplay-income,n.a.
Rent Please!,2026-05,666216,n.a.,n.a.,481979,n.a.,n.a.,n.a.,n.a.,n.a.,n.a.,n.a.,n.a.,n.a.,n.a.,n.a.,0.7234575573087407,0.5841304801468796,0.8300794637659694,1.4210514465145627,0.9386650179169495,Diandian product collection,Diandian product collection,verified_visible_table;verified_visible_table;same_scope,https://app.diandian.com/app/nzki9u1w9r8ecvn/googleplay-downloads | https://app.diandian.com/app/nzki9u1w9r8ecvn/googleplay-income,n.a.
Rent Please!,2026-06,722695,n.a.,n.a.,449721,n.a.,n.a.,n.a.,n.a.,n.a.,n.a.,n.a.,n.a.,n.a.,n.a.,n.a.,0.6222832591895613,0.6336506138395793,0.7745237168513474,1.222319839884875,0.8682010602057723,Diandian product collection,Diandian product collection,verified_visible_table;verified_visible_table;same_scope,https://app.diandian.com/app/nzki9u1w9r8ecvn/googleplay-downloads | https://app.diandian.com/app/nzki9u1w9r8ecvn/googleplay-income,n.a.
Rent Please!,2026-07,981589,n.a.,n.a.,502805,n.a.,n.a.,n.a.,n.a.,n.a.,n.a.,n.a.,n.a.,n.a.,n.a.,n.a.,0.512235772813265,0.8606458774284848,0.8659466590429215,1.006159073962307,0.8235166132200793,Diandian product collection,Diandian product collection,verified_visible_table;verified_visible_table;same_scope,https://app.diandian.com/app/nzki9u1w9r8ecvn/googleplay-downloads | https://app.diandian.com/app/nzki9u1w9r8ecvn/googleplay-income,n.a.
Rent Please!,2026-08,1140526,n.a.,n.a.,556227,n.a.,n.a.,n.a.,n.a.,n.a.,4.4,394000,1.98.5.2,n.a.,n.a.,n.a.,0.4876933976077705,1,0.9579517155148956,0.9579517155148956,0.8661406971363882,Diandian product collection,Diandian product collection,verified_visible_table;verified_visible_table;same_scope,https://app.diandian.com/app/nzki9u1w9r8ecvn/googleplay-downloads | https://app.diandian.com/app/nzki9u1w9r8ecvn/googleplay-income,n.a.
疯狂水世界 / Wild Water World,2025-09,n.a.,n.a.,n.a.,n.a.,n.a.,n.a.,n.a.,n.a.,n.a.,n.a.,n.a.,n.a.,n.a.,n.a.,n.a.,n.a.,n.a.,n.a.,n.a.,n.a.,Diandian product collection,Diandian product collection,source_unavailable;verified_visible_table;same_scope,https://app.diandian.com/app/ky51t5u1jddos74/android-downloads | https://app.diandian.com/app/ky51t5u1jddos74/android-income,"Domestic Android monthly table returned source total 0 while the iOS download page returned no table; family downloads are therefore unavailable, not zero."
疯狂水世界 / Wild Water World,2025-10,n.a.,n.a.,n.a.,n.a.,n.a.,n.a.,n.a.,n.a.,n.a.,n.a.,n.a.,n.a.,n.a.,n.a.,n.a.,n.a.,n.a.,n.a.,n.a.,n.a.,Diandian product collection,Diandian product collection,source_unavailable;verified_visible_table;same_scope,https://app.diandian.com/app/ky51t5u1jddos74/android-downloads | https://app.diandian.com/app/ky51t5u1jddos74/android-income,"Domestic Android monthly table returned source total 0 while the iOS download page returned no table; family downloads are therefore unavailable, not zero."
疯狂水世界 / Wild Water World,2025-11,n.a.,n.a.,n.a.,n.a.,n.a.,n.a.,n.a.,n.a.,n.a.,n.a.,n.a.,n.a.,n.a.,n.a.,n.a.,n.a.,n.a.,n.a.,n.a.,n.a.,Diandian product collection,Diandian product collection,source_unavailable;verified_visible_table;same_scope,https://app.diandian.com/app/ky51t5u1jddos74/android-downloads | https://app.diandian.com/app/ky51t5u1jddos74/android-income,"Domestic Android monthly table returned source total 0 while the iOS download page returned no table; family downloads are therefore unavailable, not zero."
疯狂水世界 / Wild Water World,2025-12,n.a.,n.a.,n.a.,n.a.,n.a.,n.a.,n.a.,n.a.,n.a.,n.a.,n.a.,n.a.,n.a.,n.a.,n.a.,n.a.,n.a.,n.a.,n.a.,n.a.,Diandian product collection,Diandian product collection,source_unavailable;verified_visible_table;same_scope,https://app.diandian.com/app/ky51t5u1jddos74/android-downloads | https://app.diandian.com/app/ky51t5u1jddos74/android-income,"Domestic Android monthly table returned source total 0 while the iOS download page returned no table; family downloads are therefore unavailable, not zero."
疯狂水世界 / Wild Water World,2026-01,n.a.,n.a.,n.a.,90655,n.a.,n.a.,n.a.,n.a.,n.a.,n.a.,n.a.,n.a.,n.a.,n.a.,n.a.,n.a.,n.a.,0.013382212249222834,n.a.,n.a.,Diandian product collection,Diandian product collection,source_unavailable;verified_visible_table;same_scope,https://app.diandian.com/app/ky51t5u1jddos74/android-downloads | https://app.diandian.com/app/ky51t5u1jddos74/android-income,"Domestic Android monthly table returned source total 0 while the iOS download page returned no table; family downloads are therefore unavailable, not zero."
疯狂水世界 / Wild Water World,2026-02,n.a.,n.a.,n.a.,870659,n.a.,n.a.,n.a.,n.a.,n.a.,n.a.,n.a.,n.a.,n.a.,n.a.,n.a.,n.a.,n.a.,0.1285240034713596,n.a.,n.a.,Diandian product collection,Diandian product collection,source_unavailable;verified_visible_table;same_scope,https://app.diandian.com/app/ky51t5u1jddos74/android-downloads | https://app.diandian.com/app/ky51t5u1jddos74/android-income,"Domestic Android monthly table returned source total 0 while the iOS download page returned no table; family downloads are therefore unavailable, not zero."
疯狂水世界 / Wild Water World,2026-03,n.a.,n.a.,n.a.,3041607,n.a.,n.a.,n.a.,n.a.,n.a.,n.a.,n.a.,n.a.,n.a.,n.a.,n.a.,n.a.,n.a.,0.4489926694911689,n.a.,0.19696629507058377,Diandian product collection,Diandian product collection,source_unavailable;verified_visible_table;same_scope,https://app.diandian.com/app/ky51t5u1jddos74/android-downloads | https://app.diandian.com/app/ky51t5u1jddos74/android-income,"Domestic Android monthly table returned source total 0 while the iOS download page returned no table; family downloads are therefore unavailable, not zero."
疯狂水世界 / Wild Water World,2026-04,n.a.,n.a.,n.a.,4106505,n.a.,n.a.,n.a.,n.a.,n.a.,n.a.,n.a.,n.a.,n.a.,n.a.,n.a.,n.a.,n.a.,0.606189636671941,n.a.,0.3945687698781565,Diandian product collection,Diandian product collection,source_unavailable;verified_visible_table;same_scope,https://app.diandian.com/app/ky51t5u1jddos74/android-downloads | https://app.diandian.com/app/ky51t5u1jddos74/android-income,"Domestic Android monthly table returned source total 0 while the iOS download page returned no table; family downloads are therefore unavailable, not zero."
疯狂水世界 / Wild Water World,2026-05,n.a.,n.a.,n.a.,3878168,n.a.,n.a.,n.a.,n.a.,n.a.,n.a.,n.a.,n.a.,n.a.,n.a.,n.a.,n.a.,n.a.,0.5724832310864709,n.a.,0.5425551790831936,Diandian product collection,Diandian product collection,source_unavailable;verified_visible_table;same_scope,https://app.diandian.com/app/ky51t5u1jddos74/android-downloads | https://app.diandian.com/app/ky51t5u1jddos74/android-income,"Domestic Android monthly table returned source total 0 while the iOS download page returned no table; family downloads are therefore unavailable, not zero."
疯狂水世界 / Wild Water World,2026-06,n.a.,n.a.,n.a.,4033730,n.a.,n.a.,n.a.,n.a.,n.a.,n.a.,n.a.,n.a.,n.a.,n.a.,n.a.,n.a.,n.a.,0.5954468150246277,n.a.,0.5913732275943465,Diandian product collection,Diandian product collection,source_unavailable;verified_visible_table;same_scope,https://app.diandian.com/app/ky51t5u1jddos74/android-downloads | https://app.diandian.com/app/ky51t5u1jddos74/android-income,"Domestic Android monthly table returned source total 0 while the iOS download page returned no table; family downloads are therefore unavailable, not zero."
疯狂水世界 / Wild Water World,2026-07,n.a.,n.a.,n.a.,4275015,n.a.,n.a.,n.a.,n.a.,n.a.,n.a.,n.a.,n.a.,n.a.,n.a.,n.a.,n.a.,n.a.,0.6310645645426215,n.a.,0.5996648702179067,Diandian product collection,Diandian product collection,source_unavailable;verified_visible_table;same_scope,https://app.diandian.com/app/ky51t5u1jddos74/android-downloads | https://app.diandian.com/app/ky51t5u1jddos74/android-income,"Domestic Android monthly table returned source total 0 while the iOS download page returned no table; family downloads are therefore unavailable, not zero."
疯狂水世界 / Wild Water World,2026-08,n.a.,n.a.,n.a.,6774291,n.a.,n.a.,n.a.,n.a.,n.a.,n.a.,n.a.,n.a.,n.a.,n.a.,n.a.,n.a.,n.a.,1,n.a.,0.7421704598557498,Diandian product collection,Diandian product collection,source_unavailable;verified_visible_table;same_scope,https://app.diandian.com/app/ky51t5u1jddos74/android-downloads | https://app.diandian.com/app/ky51t5u1jddos74/android-income,"Domestic Android monthly table returned source total 0 while the iOS download page returned no table; family downloads are therefore unavailable, not zero."
Animal Restaurant,2025-09,155549,n.a.,n.a.,40412,n.a.,n.a.,n.a.,n.a.,n.a.,n.a.,n.a.,n.a.,n.a.,n.a.,n.a.,0.2598023773859041,0.8622067757527382,0.8125628342783608,0.9424222322643703,n.a.,Diandian product collection,Diandian product collection,verified_visible_table;verified_visible_table;same_scope,https://app.diandian.com/app/7yr6i9u76w8uoyw/googleplay-downloads | https://app.diandian.com/app/7yr6i9u76w8uoyw/googleplay-income,n.a.
Animal Restaurant,2025-10,178781,n.a.,n.a.,45177,n.a.,n.a.,n.a.,n.a.,n.a.,n.a.,n.a.,n.a.,n.a.,n.a.,n.a.,0.2526946375733439,0.9909815529244823,0.9083725419230305,0.9166392040723013,n.a.,Diandian product collection,Diandian product collection,verified_visible_table;verified_visible_table;same_scope,https://app.diandian.com/app/7yr6i9u76w8uoyw/googleplay-downloads | https://app.diandian.com/app/7yr6i9u76w8uoyw/googleplay-income,n.a.
Animal Restaurant,2025-11,159259,n.a.,n.a.,44584,n.a.,n.a.,n.a.,n.a.,n.a.,n.a.,n.a.,n.a.,n.a.,n.a.,n.a.,0.279946502238492,0.882771274001153,0.89644910926127,1.015494200664372,0.8724614951542204,Diandian product collection,Diandian product collection,verified_visible_table;verified_visible_table;same_scope,https://app.diandian.com/app/7yr6i9u76w8uoyw/googleplay-downloads | https://app.diandian.com/app/7yr6i9u76w8uoyw/googleplay-income,n.a.
Animal Restaurant,2025-12,180408,n.a.,n.a.,46403,n.a.,n.a.,n.a.,n.a.,n.a.,n.a.,n.a.,n.a.,n.a.,n.a.,n.a.,0.2572114318655492,1,0.9330236860095709,0.9330236860095709,0.9126151123979571,Diandian product collection,Diandian product collection,verified_visible_table;verified_visible_table;same_scope,https://app.diandian.com/app/7yr6i9u76w8uoyw/googleplay-downloads | https://app.diandian.com/app/7yr6i9u76w8uoyw/googleplay-income,n.a.
Animal Restaurant,2026-01,176265,n.a.,n.a.,26399,n.a.,n.a.,n.a.,n.a.,n.a.,n.a.,n.a.,n.a.,n.a.,n.a.,n.a.,0.14976881400164524,0.9770353864573633,0.5308038766236377,0.5432800940284074,0.7867588906314928,Diandian product collection,Diandian product collection,verified_visible_table;verified_visible_table;same_scope,https://app.diandian.com/app/7yr6i9u76w8uoyw/googleplay-downloads | https://app.diandian.com/app/7yr6i9u76w8uoyw/googleplay-income,n.a.
Animal Restaurant,2026-02,157613,n.a.,n.a.,28267,n.a.,n.a.,n.a.,n.a.,n.a.,n.a.,n.a.,n.a.,n.a.,n.a.,n.a.,0.17934434342344857,0.8736475100882444,0.5683636948566373,0.6505640871101763,0.6773970858299486,Diandian product collection,Diandian product collection,verified_visible_table;verified_visible_table;same_scope,https://app.diandian.com/app/7yr6i9u76w8uoyw/googleplay-downloads | https://app.diandian.com/app/7yr6i9u76w8uoyw/googleplay-income,n.a.
Animal Restaurant,2026-03,175171,n.a.,n.a.,20183,n.a.,n.a.,n.a.,n.a.,n.a.,n.a.,n.a.,n.a.,n.a.,n.a.,n.a.,0.11521884330168806,0.9709713538202297,0.4058189568504444,0.41795152375378897,0.5016621761102399,Diandian product collection,Diandian product collection,verified_visible_table;verified_visible_table;same_scope,https://app.diandian.com/app/7yr6i9u76w8uoyw/googleplay-downloads | https://app.diandian.com/app/7yr6i9u76w8uoyw/googleplay-income,n.a.
Animal Restaurant,2026-04,161050,n.a.,n.a.,20299,n.a.,n.a.,n.a.,n.a.,n.a.,n.a.,n.a.,n.a.,n.a.,n.a.,n.a.,0.12604160198696057,0.8926987716730965,0.4081513652632002,0.4572106271617723,0.46077800565676064,Diandian product collection,Diandian product collection,verified_visible_table;verified_visible_table;same_scope,https://app.diandian.com/app/7yr6i9u76w8uoyw/googleplay-downloads | https://app.diandian.com/app/7yr6i9u76w8uoyw/googleplay-income,n.a.
Animal Restaurant,2026-05,163653,n.a.,n.a.,49734,n.a.,n.a.,n.a.,n.a.,n.a.,n.a.,n.a.,n.a.,n.a.,n.a.,n.a.,0.3038991035911349,0.9071271783956365,1,1.1023812579054464,0.6046567740378815,Diandian product collection,Diandian product collection,verified_visible_table;verified_visible_table;same_scope,https://app.diandian.com/app/7yr6i9u76w8uoyw/googleplay-downloads | https://app.diandian.com/app/7yr6i9u76w8uoyw/googleplay-income,n.a.
Animal Restaurant,2026-06,176851,n.a.,n.a.,26657,n.a.,n.a.,n.a.,n.a.,n.a.,n.a.,n.a.,n.a.,n.a.,n.a.,n.a.,0.15073140666436718,0.9802835794421534,0.535991474645112,0.5467718585576297,0.6480476133027707,Diandian product collection,Diandian product collection,verified_visible_table;verified_visible_table;same_scope,https://app.diandian.com/app/7yr6i9u76w8uoyw/googleplay-downloads | https://app.diandian.com/app/7yr6i9u76w8uoyw/googleplay-income,n.a.
Animal Restaurant,2026-07,164377,n.a.,n.a.,33536,n.a.,n.a.,n.a.,n.a.,n.a.,n.a.,n.a.,n.a.,n.a.,n.a.,n.a.,0.20401881041751582,0.9111403041993703,0.6743073149153497,0.7400696817027225,0.7367662631868206,Diandian product collection,Diandian product collection,verified_visible_table;verified_visible_table;same_scope,https://app.diandian.com/app/7yr6i9u76w8uoyw/googleplay-downloads | https://app.diandian.com/app/7yr6i9u76w8uoyw/googleplay-income,n.a.
Animal Restaurant,2026-08,136724,n.a.,n.a.,36059,n.a.,n.a.,n.a.,n.a.,n.a.,4.7,690000,12.41,n.a.,n.a.,n.a.,0.26373570112050554,0.7578599618642189,0.7250371978927896,0.9566901992147859,0.6451119958177505,Diandian product collection,Diandian product collection,verified_visible_table;verified_visible_table;same_scope,https://app.diandian.com/app/7yr6i9u76w8uoyw/googleplay-downloads | https://app.diandian.com/app/7yr6i9u76w8uoyw/googleplay-income,n.a.
Big Farm Homestead,2025-09,n.a.,n.a.,n.a.,n.a.,n.a.,n.a.,n.a.,n.a.,n.a.,n.a.,n.a.,n.a.,n.a.,n.a.,n.a.,n.a.,n.a.,n.a.,n.a.,n.a.,Diandian product collection,Diandian product collection,verified_visible_table;verified_visible_table;same_scope,https://app.diandian.com/app/nldiru05oqpqbq4/googleplay-downloads | https://app.diandian.com/app/nldiru05oqpqbq4/googleplay-income,n.a.
Big Farm Homestead,2025-10,n.a.,n.a.,n.a.,n.a.,n.a.,n.a.,n.a.,n.a.,n.a.,n.a.,n.a.,n.a.,n.a.,n.a.,n.a.,n.a.,n.a.,n.a.,n.a.,n.a.,Diandian product collection,Diandian product collection,verified_visible_table;verified_visible_table;same_scope,https://app.diandian.com/app/nldiru05oqpqbq4/googleplay-downloads | https://app.diandian.com/app/nldiru05oqpqbq4/googleplay-income,n.a.
Big Farm Homestead,2025-11,104377,n.a.,n.a.,23063,n.a.,n.a.,n.a.,n.a.,n.a.,n.a.,n.a.,n.a.,n.a.,n.a.,n.a.,0.22095864031347903,0.10822101028533511,0.018877685075063006,0.17443641512207447,n.a.,Diandian product collection,Diandian product collection,verified_visible_table;verified_visible_table;same_scope,https://app.diandian.com/app/nldiru05oqpqbq4/googleplay-downloads | https://app.diandian.com/app/nldiru05oqpqbq4/googleplay-income,n.a.
Big Farm Homestead,2025-12,542045,n.a.,n.a.,157113,n.a.,n.a.,n.a.,n.a.,n.a.,n.a.,n.a.,n.a.,n.a.,n.a.,n.a.,0.28985231853443905,0.5620075066357001,0.12860121125605403,0.2288247216231844,n.a.,Diandian product collection,Diandian product collection,verified_visible_table;verified_visible_table;same_scope,https://app.diandian.com/app/nldiru05oqpqbq4/googleplay-downloads | https://app.diandian.com/app/nldiru05oqpqbq4/googleplay-income,n.a.
Big Farm Homestead,2026-01,839842,n.a.,n.a.,530198,n.a.,n.a.,n.a.,n.a.,n.a.,n.a.,n.a.,n.a.,n.a.,n.a.,n.a.,0.6313068410486734,0.8707718148639682,0.43398130648346944,0.49838694716050946,0.19382006760486217,Diandian product collection,Diandian product collection,verified_visible_table;verified_visible_table;same_scope,https://app.diandian.com/app/nldiru05oqpqbq4/googleplay-downloads | https://app.diandian.com/app/nldiru05oqpqbq4/googleplay-income,n.a.
Big Farm Homestead,2026-02,878660,n.a.,n.a.,841099,n.a.,n.a.,n.a.,n.a.,n.a.,n.a.,n.a.,n.a.,n.a.,n.a.,n.a.,0.9572519518357498,0.9110194094226941,0.6884621271712448,0.7557052243349215,0.41701488163692274,Diandian product collection,Diandian product collection,verified_visible_table;verified_visible_table;same_scope,https://app.diandian.com/app/nldiru05oqpqbq4/googleplay-downloads | https://app.diandian.com/app/nldiru05oqpqbq4/googleplay-income,n.a.
Big Farm Homestead,2026-03,730182,n.a.,n.a.,1146063,n.a.,n.a.,n.a.,n.a.,n.a.,n.a.,n.a.,n.a.,n.a.,n.a.,n.a.,1.5695580006080676,0.7570732415394824,0.9380833538647155,1.2390919430161806,0.6868422625064766,Diandian product collection,Diandian product collection,verified_visible_table;verified_visible_table;same_scope,https://app.diandian.com/app/nldiru05oqpqbq4/googleplay-downloads | https://app.diandian.com/app/nldiru05oqpqbq4/googleplay-income,n.a.
Big Farm Homestead,2026-04,771505,n.a.,n.a.,1177072,n.a.,n.a.,n.a.,n.a.,n.a.,n.a.,n.a.,n.a.,n.a.,n.a.,n.a.,1.5256829184515979,0.7999180905773059,0.9634650534047853,1.2044546369859526,0.863336844813582,Diandian product collection,Diandian product collection,verified_visible_table;verified_visible_table;same_scope,https://app.diandian.com/app/nldiru05oqpqbq4/googleplay-downloads | https://app.diandian.com/app/nldiru05oqpqbq4/googleplay-income,n.a.
Big Farm Homestead,2026-05,964480,n.a.,n.a.,1221707,n.a.,n.a.,n.a.,n.a.,n.a.,n.a.,n.a.,n.a.,n.a.,n.a.,n.a.,1.2667001907763769,1,1,1,0.9671828024231669,Diandian product collection,Diandian product collection,verified_visible_table;verified_visible_table;same_scope,https://app.diandian.com/app/nldiru05oqpqbq4/googleplay-downloads | https://app.diandian.com/app/nldiru05oqpqbq4/googleplay-income,n.a.
Big Farm Homestead,2026-06,612999,n.a.,n.a.,1066240,n.a.,n.a.,n.a.,n.a.,n.a.,n.a.,n.a.,n.a.,n.a.,n.a.,n.a.,1.7393829353718357,0.6355746101526211,0.8727460839628487,1.3731607116169657,0.945403712455878,Diandian product collection,Diandian product collection,verified_visible_table;verified_visible_table;same_scope,https://app.diandian.com/app/nldiru05oqpqbq4/googleplay-downloads | https://app.diandian.com/app/nldiru05oqpqbq4/googleplay-income,n.a.
Big Farm Homestead,2026-07,481050,n.a.,n.a.,1071742,n.a.,n.a.,n.a.,n.a.,n.a.,n.a.,n.a.,n.a.,n.a.,n.a.,n.a.,2.227922253404012,0.49876617451891175,0.8772496187711128,1.7588394393771185,0.9166652342446538,Diandian product collection,Diandian product collection,verified_visible_table;verified_visible_table;same_scope,https://app.diandian.com/app/nldiru05oqpqbq4/googleplay-downloads | https://app.diandian.com/app/nldiru05oqpqbq4/googleplay-income,n.a.
Big Farm Homestead,2026-08,506249,n.a.,n.a.,1126094,n.a.,n.a.,n.a.,n.a.,n.a.,4.6,62000,1.0.6384,n.a.,n.a.,n.a.,2.2243876037286,0.5248932067020571,0.9217381909082947,1.7560490003283602,0.8905779645474187,Diandian product collection,Diandian product collection,verified_visible_table;verified_visible_table;same_scope,https://app.diandian.com/app/nldiru05oqpqbq4/googleplay-downloads | https://app.diandian.com/app/nldiru05oqpqbq4/googleplay-income,n.a.
Resortopia,2025-09,n.a.,n.a.,n.a.,2931,n.a.,n.a.,n.a.,n.a.,n.a.,n.a.,n.a.,n.a.,n.a.,n.a.,n.a.,n.a.,n.a.,0.7585403726708074,n.a.,n.a.,Diandian product collection,Diandian product collection,source_unavailable;verified_visible_table;same_scope,https://app.diandian.com/app/340qiku2kkv6i1n/googleplay-downloads | https://app.diandian.com/app/340qiku2kkv6i1n/googleplay-income,Both matched iOS and Google Play download pages explicitly returned no monthly download data; income is available.
Resortopia,2025-10,n.a.,n.a.,n.a.,3119,n.a.,n.a.,n.a.,n.a.,n.a.,n.a.,n.a.,n.a.,n.a.,n.a.,n.a.,n.a.,n.a.,0.8071946169772257,n.a.,n.a.,Diandian product collection,Diandian product collection,source_unavailable;verified_visible_table;same_scope,https://app.diandian.com/app/340qiku2kkv6i1n/googleplay-downloads | https://app.diandian.com/app/340qiku2kkv6i1n/googleplay-income,Both matched iOS and Google Play download pages explicitly returned no monthly download data; income is available.
Resortopia,2025-11,n.a.,n.a.,n.a.,3644,n.a.,n.a.,n.a.,n.a.,n.a.,n.a.,n.a.,n.a.,n.a.,n.a.,n.a.,n.a.,n.a.,0.943064182194617,n.a.,0.8362663906142167,Diandian product collection,Diandian product collection,source_unavailable;verified_visible_table;same_scope,https://app.diandian.com/app/340qiku2kkv6i1n/googleplay-downloads | https://app.diandian.com/app/340qiku2kkv6i1n/googleplay-income,Both matched iOS and Google Play download pages explicitly returned no monthly download data; income is available.
Resortopia,2025-12,n.a.,n.a.,n.a.,3052,n.a.,n.a.,n.a.,n.a.,n.a.,n.a.,n.a.,n.a.,n.a.,n.a.,n.a.,n.a.,n.a.,0.7898550724637681,n.a.,0.8467046238785368,Diandian product collection,Diandian product collection,source_unavailable;verified_visible_table;same_scope,https://app.diandian.com/app/340qiku2kkv6i1n/googleplay-downloads | https://app.diandian.com/app/340qiku2kkv6i1n/googleplay-income,Both matched iOS and Google Play download pages explicitly returned no monthly download data; income is available.
Resortopia,2026-01,n.a.,n.a.,n.a.,2109,n.a.,n.a.,n.a.,n.a.,n.a.,n.a.,n.a.,n.a.,n.a.,n.a.,n.a.,n.a.,n.a.,0.5458074534161491,n.a.,0.759575569358178,Diandian product collection,Diandian product collection,source_unavailable;verified_visible_table;same_scope,https://app.diandian.com/app/340qiku2kkv6i1n/googleplay-downloads | https://app.diandian.com/app/340qiku2kkv6i1n/googleplay-income,Both matched iOS and Google Play download pages explicitly returned no monthly download data; income is available.
Resortopia,2026-02,n.a.,n.a.,n.a.,3004,n.a.,n.a.,n.a.,n.a.,n.a.,n.a.,n.a.,n.a.,n.a.,n.a.,n.a.,n.a.,n.a.,0.777432712215321,n.a.,0.7043650793650793,Diandian product collection,Diandian product collection,source_unavailable;verified_visible_table;same_scope,https://app.diandian.com/app/340qiku2kkv6i1n/googleplay-downloads | https://app.diandian.com/app/340qiku2kkv6i1n/googleplay-income,Both matched iOS and Google Play download pages explicitly returned no monthly download data; income is available.
Resortopia,2026-03,n.a.,n.a.,n.a.,1978,n.a.,n.a.,n.a.,n.a.,n.a.,n.a.,n.a.,n.a.,n.a.,n.a.,n.a.,n.a.,n.a.,0.5119047619047619,n.a.,0.6117149758454106,Diandian product collection,Diandian product collection,source_unavailable;verified_visible_table;same_scope,https://app.diandian.com/app/340qiku2kkv6i1n/googleplay-downloads | https://app.diandian.com/app/340qiku2kkv6i1n/googleplay-income,Both matched iOS and Google Play download pages explicitly returned no monthly download data; income is available.
Resortopia,2026-04,n.a.,n.a.,n.a.,2877,n.a.,n.a.,n.a.,n.a.,n.a.,n.a.,n.a.,n.a.,n.a.,n.a.,n.a.,n.a.,n.a.,0.7445652173913043,n.a.,0.677967563837129,Diandian product collection,Diandian product collection,source_unavailable;verified_visible_table;same_scope,https://app.diandian.com/app/340qiku2kkv6i1n/googleplay-downloads | https://app.diandian.com/app/340qiku2kkv6i1n/googleplay-income,Both matched iOS and Google Play download pages explicitly returned no monthly download data; income is available.
Resortopia,2026-05,n.a.,n.a.,n.a.,1845,n.a.,n.a.,n.a.,n.a.,n.a.,n.a.,n.a.,n.a.,n.a.,n.a.,n.a.,n.a.,n.a.,0.47748447204968947,n.a.,0.577984817115252,Diandian product collection,Diandian product collection,source_unavailable;verified_visible_table;same_scope,https://app.diandian.com/app/340qiku2kkv6i1n/googleplay-downloads | https://app.diandian.com/app/340qiku2kkv6i1n/googleplay-income,Both matched iOS and Google Play download pages explicitly returned no monthly download data; income is available.
Resortopia,2026-06,n.a.,n.a.,n.a.,2871,n.a.,n.a.,n.a.,n.a.,n.a.,n.a.,n.a.,n.a.,n.a.,n.a.,n.a.,n.a.,n.a.,0.7430124223602484,n.a.,0.6550207039337475,Diandian product collection,Diandian product collection,source_unavailable;verified_visible_table;same_scope,https://app.diandian.com/app/340qiku2kkv6i1n/googleplay-downloads | https://app.diandian.com/app/340qiku2kkv6i1n/googleplay-income,Both matched iOS and Google Play download pages explicitly returned no monthly download data; income is available.
Resortopia,2026-07,n.a.,n.a.,n.a.,3864,n.a.,n.a.,n.a.,n.a.,n.a.,n.a.,n.a.,n.a.,n.a.,n.a.,n.a.,n.a.,n.a.,1,n.a.,0.7401656314699793,Diandian product collection,Diandian product collection,source_unavailable;verified_visible_table;same_scope,https://app.diandian.com/app/340qiku2kkv6i1n/googleplay-downloads | https://app.diandian.com/app/340qiku2kkv6i1n/googleplay-income,Both matched iOS and Google Play download pages explicitly returned no monthly download data; income is available.
Resortopia,2026-08,n.a.,n.a.,n.a.,2983,n.a.,n.a.,n.a.,n.a.,n.a.,4.5,125000,12.1.0,n.a.,n.a.,n.a.,n.a.,n.a.,0.7719979296066253,n.a.,0.838336783988958,Diandian product collection,Diandian product collection,source_unavailable;verified_visible_table;same_scope,https://app.diandian.com/app/340qiku2kkv6i1n/googleplay-downloads | https://app.diandian.com/app/340qiku2kkv6i1n/googleplay-income,Both matched iOS and Google Play download pages explicitly returned no monthly download data; income is available.
Cat Snack Bar,2025-09,124888,n.a.,n.a.,23331,n.a.,n.a.,n.a.,n.a.,n.a.,n.a.,n.a.,n.a.,n.a.,n.a.,n.a.,0.1868153865863814,0.905221652025166,0.897725960983493,0.991719496517893,n.a.,Diandian product collection,Diandian product collection,verified_visible_table;verified_visible_table;same_scope,https://app.diandian.com/app/4xlipuzd288gfl4/googleplay-downloads | https://app.diandian.com/app/4xlipuzd288gfl4/googleplay-income,n.a.
Cat Snack Bar,2025-10,137964,n.a.,n.a.,25989,n.a.,n.a.,n.a.,n.a.,n.a.,n.a.,n.a.,n.a.,n.a.,n.a.,n.a.,0.1883752283204314,1,1,1,n.a.,Diandian product collection,Diandian product collection,verified_visible_table;verified_visible_table;same_scope,https://app.diandian.com/app/4xlipuzd288gfl4/googleplay-downloads | https://app.diandian.com/app/4xlipuzd288gfl4/googleplay-income,n.a.
Cat Snack Bar,2025-11,110770,n.a.,n.a.,19610,n.a.,n.a.,n.a.,n.a.,n.a.,n.a.,n.a.,n.a.,n.a.,n.a.,n.a.,0.17703349282296652,0.8028906091444145,0.7545500019238909,0.9397917889810209,0.8840919876357947,Diandian product collection,Diandian product collection,verified_visible_table;verified_visible_table;same_scope,https://app.diandian.com/app/4xlipuzd288gfl4/googleplay-downloads | https://app.diandian.com/app/4xlipuzd288gfl4/googleplay-income,n.a.
Cat Snack Bar,2025-12,103334,n.a.,n.a.,14103,n.a.,n.a.,n.a.,n.a.,n.a.,n.a.,n.a.,n.a.,n.a.,n.a.,n.a.,0.13647976464667969,0.7489924907947001,0.5426526607410828,0.7245101485133909,0.7657342208883245,Diandian product collection,Diandian product collection,verified_visible_table;verified_visible_table;same_scope,https://app.diandian.com/app/4xlipuzd288gfl4/googleplay-downloads | https://app.diandian.com/app/4xlipuzd288gfl4/googleplay-income,n.a.
Cat Snack Bar,2026-01,114180,n.a.,n.a.,9204,n.a.,n.a.,n.a.,n.a.,n.a.,n.a.,n.a.,n.a.,n.a.,n.a.,n.a.,0.08060956384655807,0.827607201878751,0.3541498326214937,0.42792019187065816,0.5504508317621558,Diandian product collection,Diandian product collection,verified_visible_table;verified_visible_table;same_scope,https://app.diandian.com/app/4xlipuzd288gfl4/googleplay-downloads | https://app.diandian.com/app/4xlipuzd288gfl4/googleplay-income,n.a.
Cat Snack Bar,2026-02,93003,n.a.,n.a.,7859,n.a.,n.a.,n.a.,n.a.,n.a.,n.a.,n.a.,n.a.,n.a.,n.a.,n.a.,0.08450265045213595,0.6741106375576237,0.30239716803262917,0.44858685085915134,0.39973322046506854,Diandian product collection,Diandian product collection,verified_visible_table;verified_visible_table;same_scope,https://app.diandian.com/app/4xlipuzd288gfl4/googleplay-downloads | https://app.diandian.com/app/4xlipuzd288gfl4/googleplay-income,n.a.
Cat Snack Bar,2026-03,101862,n.a.,n.a.,14122,n.a.,n.a.,n.a.,n.a.,n.a.,n.a.,n.a.,n.a.,n.a.,n.a.,n.a.,0.13863855019536236,0.7383230407932504,0.5433837392743084,0.7359701773501471,0.3999769133094771,Diandian product collection,Diandian product collection,verified_visible_table;verified_visible_table;same_scope,https://app.diandian.com/app/4xlipuzd288gfl4/googleplay-downloads | https://app.diandian.com/app/4xlipuzd288gfl4/googleplay-income,n.a.
Cat Snack Bar,2026-04,100415,n.a.,n.a.,16901,n.a.,n.a.,n.a.,n.a.,n.a.,n.a.,n.a.,n.a.,n.a.,n.a.,n.a.,0.16831150724493352,0.7278347974834015,0.6503135942129362,0.8934906608772945,0.49869816717329124,Diandian product collection,Diandian product collection,verified_visible_table;verified_visible_table;same_scope,https://app.diandian.com/app/4xlipuzd288gfl4/googleplay-downloads | https://app.diandian.com/app/4xlipuzd288gfl4/googleplay-income,n.a.
Cat Snack Bar,2026-05,96414,n.a.,n.a.,16786,n.a.,n.a.,n.a.,n.a.,n.a.,n.a.,n.a.,n.a.,n.a.,n.a.,n.a.,0.1741033459870973,0.6988344785596242,0.6458886451960445,0.9242369473917387,0.6131953262277631,Diandian product collection,Diandian product collection,verified_visible_table;verified_visible_table;same_scope,https://app.diandian.com/app/4xlipuzd288gfl4/googleplay-downloads | https://app.diandian.com/app/4xlipuzd288gfl4/googleplay-income,n.a.
Cat Snack Bar,2026-06,95545,n.a.,n.a.,14890,n.a.,n.a.,n.a.,n.a.,n.a.,n.a.,n.a.,n.a.,n.a.,n.a.,n.a.,0.15584279658799519,0.6925357339595837,0.5729347031436377,0.8272998417971514,0.6230456475175395,Diandian product collection,Diandian product collection,verified_visible_table;verified_visible_table;same_scope,https://app.diandian.com/app/4xlipuzd288gfl4/googleplay-downloads | https://app.diandian.com/app/4xlipuzd288gfl4/googleplay-income,n.a.
Cat Snack Bar,2026-07,89907,n.a.,n.a.,21604,n.a.,n.a.,n.a.,n.a.,n.a.,n.a.,n.a.,n.a.,n.a.,n.a.,n.a.,0.2402927469496257,0.6516700008697921,0.8312747700950402,1.2756069314001373,0.6833660394782408,Diandian product collection,Diandian product collection,verified_visible_table;verified_visible_table;same_scope,https://app.diandian.com/app/4xlipuzd288gfl4/googleplay-downloads | https://app.diandian.com/app/4xlipuzd288gfl4/googleplay-income,n.a.
Cat Snack Bar,2026-08,68103,n.a.,n.a.,12754,n.a.,n.a.,n.a.,n.a.,n.a.,4.5,580000,1.0.218,n.a.,n.a.,n.a.,0.1872751567478672,0.4936287727233191,0.4907460848820655,0.9941602110724826,0.6316518527069145,Diandian product collection,Diandian product collection,verified_visible_table;verified_visible_table;same_scope,https://app.diandian.com/app/4xlipuzd288gfl4/googleplay-downloads | https://app.diandian.com/app/4xlipuzd288gfl4/googleplay-income,n.a.
QQ经典农场,2025-09,n.a.,n.a.,n.a.,n.a.,n.a.,n.a.,n.a.,n.a.,n.a.,n.a.,n.a.,n.a.,n.a.,n.a.,n.a.,n.a.,n.a.,n.a.,n.a.,n.a.,Diandian product collection,Diandian product collection,not_applicable;not_applicable;same_scope,n.a.,"QQ/WeChat mini-game; no native App Store or Google Play entity. Native download and revenue fields are N/A, not zero."
QQ经典农场,2025-10,n.a.,n.a.,n.a.,n.a.,n.a.,n.a.,n.a.,n.a.,n.a.,n.a.,n.a.,n.a.,n.a.,n.a.,n.a.,n.a.,n.a.,n.a.,n.a.,n.a.,Diandian product collection,Diandian product collection,not_applicable;not_applicable;same_scope,n.a.,"QQ/WeChat mini-game; no native App Store or Google Play entity. Native download and revenue fields are N/A, not zero."
QQ经典农场,2025-11,n.a.,n.a.,n.a.,n.a.,n.a.,n.a.,n.a.,n.a.,n.a.,n.a.,n.a.,n.a.,n.a.,n.a.,n.a.,n.a.,n.a.,n.a.,n.a.,n.a.,Diandian product collection,Diandian product collection,not_applicable;not_applicable;same_scope,n.a.,"QQ/WeChat mini-game; no native App Store or Google Play entity. Native download and revenue fields are N/A, not zero."
QQ经典农场,2025-12,n.a.,n.a.,n.a.,n.a.,n.a.,n.a.,n.a.,n.a.,n.a.,n.a.,n.a.,n.a.,n.a.,n.a.,n.a.,n.a.,n.a.,n.a.,n.a.,n.a.,Diandian product collection,Diandian product collection,not_applicable;not_applicable;same_scope,n.a.,"QQ/WeChat mini-game; no native App Store or Google Play entity. Native download and revenue fields are N/A, not zero."
QQ经典农场,2026-01,n.a.,n.a.,n.a.,n.a.,n.a.,n.a.,n.a.,n.a.,n.a.,n.a.,n.a.,n.a.,n.a.,n.a.,n.a.,n.a.,n.a.,n.a.,n.a.,n.a.,Diandian product collection,Diandian product collection,not_applicable;not_applicable;same_scope,n.a.,"QQ/WeChat mini-game; no native App Store or Google Play entity. Native download and revenue fields are N/A, not zero."
QQ经典农场,2026-02,n.a.,n.a.,n.a.,n.a.,n.a.,n.a.,n.a.,n.a.,n.a.,n.a.,n.a.,n.a.,n.a.,n.a.,n.a.,n.a.,n.a.,n.a.,n.a.,n.a.,Diandian product collection,Diandian product collection,not_applicable;not_applicable;same_scope,n.a.,"QQ/WeChat mini-game; no native App Store or Google Play entity. Native download and revenue fields are N/A, not zero."
QQ经典农场,2026-03,n.a.,n.a.,n.a.,n.a.,n.a.,n.a.,n.a.,n.a.,n.a.,n.a.,n.a.,n.a.,n.a.,n.a.,n.a.,n.a.,n.a.,n.a.,n.a.,n.a.,Diandian product collection,Diandian product collection,not_applicable;not_applicable;same_scope,n.a.,"QQ/WeChat mini-game; no native App Store or Google Play entity. Native download and revenue fields are N/A, not zero."
QQ经典农场,2026-04,n.a.,n.a.,n.a.,n.a.,n.a.,n.a.,n.a.,n.a.,n.a.,n.a.,n.a.,n.a.,n.a.,n.a.,n.a.,n.a.,n.a.,n.a.,n.a.,n.a.,Diandian product collection,Diandian product collection,not_applicable;not_applicable;same_scope,n.a.,"QQ/WeChat mini-game; no native App Store or Google Play entity. Native download and revenue fields are N/A, not zero."
QQ经典农场,2026-05,n.a.,n.a.,n.a.,n.a.,n.a.,n.a.,n.a.,n.a.,n.a.,n.a.,n.a.,n.a.,n.a.,n.a.,n.a.,n.a.,n.a.,n.a.,n.a.,n.a.,Diandian product collection,Diandian product collection,not_applicable;not_applicable;same_scope,n.a.,"QQ/WeChat mini-game; no native App Store or Google Play entity. Native download and revenue fields are N/A, not zero."
QQ经典农场,2026-06,n.a.,n.a.,n.a.,n.a.,n.a.,n.a.,n.a.,n.a.,n.a.,n.a.,n.a.,n.a.,n.a.,n.a.,n.a.,n.a.,n.a.,n.a.,n.a.,n.a.,Diandian product collection,Diandian product collection,not_applicable;not_applicable;same_scope,n.a.,"QQ/WeChat mini-game; no native App Store or Google Play entity. Native download and revenue fields are N/A, not zero."
QQ经典农场,2026-07,n.a.,n.a.,n.a.,n.a.,n.a.,n.a.,n.a.,n.a.,n.a.,n.a.,n.a.,n.a.,n.a.,n.a.,n.a.,n.a.,n.a.,n.a.,n.a.,n.a.,Diandian product collection,Diandian product collection,not_applicable;not_applicable;same_scope,n.a.,"QQ/WeChat mini-game; no native App Store or Google Play entity. Native download and revenue fields are N/A, not zero."
QQ经典农场,2026-08,n.a.,n.a.,n.a.,n.a.,n.a.,n.a.,n.a.,n.a.,n.a.,n.a.,n.a.,n.a.,n.a.,n.a.,n.a.,n.a.,n.a.,n.a.,n.a.,n.a.,Diandian product collection,Diandian product collection,not_applicable;not_applicable;same_scope,n.a.,"QQ/WeChat mini-game; no native App Store or Google Play entity. Native download and revenue fields are N/A, not zero."
向往的生活,2025-09,n.a.,n.a.,n.a.,n.a.,n.a.,n.a.,n.a.,n.a.,n.a.,n.a.,n.a.,n.a.,n.a.,n.a.,n.a.,n.a.,n.a.,n.a.,n.a.,n.a.,Diandian product collection,Diandian product collection,verified_visible_table;verified_visible_table;same_scope,https://app.diandian.com/app/8dujuqrze29z9hq/ios-downloads | https://app.diandian.com/app/8dujuqrze29z9hq/ios-income,n.a.
向往的生活,2025-10,30780,n.a.,n.a.,13040,n.a.,n.a.,n.a.,n.a.,n.a.,n.a.,n.a.,n.a.,n.a.,n.a.,n.a.,0.4236517218973359,0.2158939468331346,0.025659340767458287,0.11885159886993268,n.a.,Diandian product collection,Diandian product collection,verified_visible_table;verified_visible_table;same_scope,https://app.diandian.com/app/8dujuqrze29z9hq/ios-downloads | https://app.diandian.com/app/8dujuqrze29z9hq/ios-income,n.a.
向往的生活,2025-11,89536,n.a.,n.a.,83943,n.a.,n.a.,n.a.,n.a.,n.a.,n.a.,n.a.,n.a.,n.a.,n.a.,n.a.,0.9375335060757684,0.6280143087606088,0.16517807070879995,0.2630164128501788,n.a.,Diandian product collection,Diandian product collection,verified_visible_table;verified_visible_table;same_scope,https://app.diandian.com/app/8dujuqrze29z9hq/ios-downloads | https://app.diandian.com/app/8dujuqrze29z9hq/ios-income,n.a.
向往的生活,2025-12,111551,n.a.,n.a.,314283,n.a.,n.a.,n.a.,n.a.,n.a.,n.a.,n.a.,n.a.,n.a.,n.a.,n.a.,2.817392941345214,0.782429683664165,0.6184274995720164,0.7903937088325732,0.26975497034942486,Diandian product collection,Diandian product collection,verified_visible_table;verified_visible_table;same_scope,https://app.diandian.com/app/8dujuqrze29z9hq/ios-downloads | https://app.diandian.com/app/8dujuqrze29z9hq/ios-income,n.a.
向往的生活,2026-01,72332,n.a.,n.a.,360518,n.a.,n.a.,n.a.,n.a.,n.a.,n.a.,n.a.,n.a.,n.a.,n.a.,n.a.,4.984211690538074,0.5073437609595286,0.7094059980676785,1.3982748042983593,0.4976705227828316,Diandian product collection,Diandian product collection,verified_visible_table;verified_visible_table;same_scope,https://app.diandian.com/app/8dujuqrze29z9hq/ios-downloads | https://app.diandian.com/app/8dujuqrze29z9hq/ios-income,n.a.
向往的生活,2026-02,37156,n.a.,n.a.,98508,n.a.,n.a.,n.a.,n.a.,n.a.,n.a.,n.a.,n.a.,n.a.,n.a.,n.a.,2.651200344493487,0.26061583783404646,0.1938382162822685,0.743769902448138,0.5072239046406545,Diandian product collection,Diandian product collection,verified_visible_table;verified_visible_table;same_scope,https://app.diandian.com/app/8dujuqrze29z9hq/ios-downloads | https://app.diandian.com/app/8dujuqrze29z9hq/ios-income,n.a.
向往的生活,2026-03,31208,n.a.,n.a.,214995,n.a.,n.a.,n.a.,n.a.,n.a.,n.a.,n.a.,n.a.,n.a.,n.a.,n.a.,6.8890989489874395,0.21889598092165252,0.42305444542175574,1.9326734261657177,0.4420995532572342,Diandian product collection,Diandian product collection,verified_visible_table;verified_visible_table;same_scope,https://app.diandian.com/app/8dujuqrze29z9hq/ios-downloads | https://app.diandian.com/app/8dujuqrze29z9hq/ios-income,n.a.
向往的生活,2026-04,23923,n.a.,n.a.,102078,n.a.,n.a.,n.a.,n.a.,n.a.,n.a.,n.a.,n.a.,n.a.,n.a.,n.a.,4.266939765079631,0.16779827453180893,0.2008630511396171,1.1970507545447984,0.2725852376145471,Diandian product collection,Diandian product collection,verified_visible_table;verified_visible_table;same_scope,https://app.diandian.com/app/8dujuqrze29z9hq/ios-downloads | https://app.diandian.com/app/8dujuqrze29z9hq/ios-income,n.a.
向往的生活,2026-05,38226,n.a.,n.a.,88316,n.a.,n.a.,n.a.,n.a.,n.a.,n.a.,n.a.,n.a.,n.a.,n.a.,n.a.,2.310364673259038,0.26812092305534124,0.1737830014738379,0.6481515858349047,0.2659001660117369,Diandian product collection,Diandian product collection,verified_visible_table;verified_visible_table;same_scope,https://app.diandian.com/app/8dujuqrze29z9hq/ios-downloads | https://app.diandian.com/app/8dujuqrze29z9hq/ios-income,n.a.
向往的生活,2026-06,142570,n.a.,n.a.,283842,n.a.,n.a.,n.a.,n.a.,n.a.,n.a.,n.a.,n.a.,n.a.,n.a.,n.a.,1.990895700357719,1,0.5585275001623387,0.5585275001623387,0.3110578509252645,Diandian product collection,Diandian product collection,verified_visible_table;verified_visible_table;same_scope,https://app.diandian.com/app/8dujuqrze29z9hq/ios-downloads | https://app.diandian.com/app/8dujuqrze29z9hq/ios-income,n.a.
向往的生活,2026-07,57098,n.a.,n.a.,484116,n.a.,n.a.,n.a.,n.a.,n.a.,n.a.,n.a.,n.a.,n.a.,n.a.,n.a.,8.478685768328138,0.4004909868836361,0.9526148324370274,2.3786174062234577,0.5616417780244013,Diandian product collection,Diandian product collection,verified_visible_table;verified_visible_table;same_scope,https://app.diandian.com/app/8dujuqrze29z9hq/ios-downloads | https://app.diandian.com/app/8dujuqrze29z9hq/ios-income,n.a.
向往的生活,2026-08,30829,n.a.,n.a.,508197,n.a.,n.a.,n.a.,n.a.,n.a.,3.4,883,1.1.7,n.a.,n.a.,n.a.,16.484381588763828,0.2162376376516799,1,4.624541827500081,0.8370474441997887,Diandian product collection,Diandian product collection,verified_visible_table;verified_visible_table;same_scope,https://app.diandian.com/app/8dujuqrze29z9hq/ios-downloads | https://app.diandian.com/app/8dujuqrze29z9hq/ios-income,n.a.
时尚百货城,2025-09,n.a.,n.a.,n.a.,n.a.,n.a.,n.a.,n.a.,n.a.,n.a.,n.a.,n.a.,n.a.,n.a.,n.a.,n.a.,n.a.,n.a.,n.a.,n.a.,n.a.,Diandian product collection,Diandian product collection,verified_visible_table;verified_visible_table;same_scope,https://app.diandian.com/app/7du9uvjpz6909fq/ios-downloads | https://app.diandian.com/app/7du9uvjpz6909fq/ios-income,n.a.
时尚百货城,2025-10,n.a.,n.a.,n.a.,n.a.,n.a.,n.a.,n.a.,n.a.,n.a.,n.a.,n.a.,n.a.,n.a.,n.a.,n.a.,n.a.,n.a.,n.a.,n.a.,n.a.,Diandian product collection,Diandian product collection,verified_visible_table;verified_visible_table;same_scope,https://app.diandian.com/app/7du9uvjpz6909fq/ios-downloads | https://app.diandian.com/app/7du9uvjpz6909fq/ios-income,n.a.
时尚百货城,2025-11,n.a.,n.a.,n.a.,n.a.,n.a.,n.a.,n.a.,n.a.,n.a.,n.a.,n.a.,n.a.,n.a.,n.a.,n.a.,n.a.,n.a.,n.a.,n.a.,n.a.,Diandian product collection,Diandian product collection,verified_visible_table;verified_visible_table;same_scope,https://app.diandian.com/app/7du9uvjpz6909fq/ios-downloads | https://app.diandian.com/app/7du9uvjpz6909fq/ios-income,n.a.
时尚百货城,2025-12,n.a.,n.a.,n.a.,n.a.,n.a.,n.a.,n.a.,n.a.,n.a.,n.a.,n.a.,n.a.,n.a.,n.a.,n.a.,n.a.,n.a.,n.a.,n.a.,n.a.,Diandian product collection,Diandian product collection,verified_visible_table;verified_visible_table;same_scope,https://app.diandian.com/app/7du9uvjpz6909fq/ios-downloads | https://app.diandian.com/app/7du9uvjpz6909fq/ios-income,n.a.
时尚百货城,2026-01,398501,n.a.,n.a.,128365,n.a.,n.a.,n.a.,n.a.,n.a.,n.a.,n.a.,n.a.,n.a.,n.a.,n.a.,0.32211964336350474,0.16287790849758688,0.02072698237645393,0.1272547183816583,n.a.,Diandian product collection,Diandian product collection,verified_visible_table;verified_visible_table;same_scope,https://app.diandian.com/app/7du9uvjpz6909fq/ios-downloads | https://app.diandian.com/app/7du9uvjpz6909fq/ios-income,n.a.
时尚百货城,2026-02,2446624,n.a.,n.a.,3082701,n.a.,n.a.,n.a.,n.a.,n.a.,n.a.,n.a.,n.a.,n.a.,n.a.,n.a.,1.2599815092143296,1,0.49776098857848244,0.49776098857848244,n.a.,Diandian product collection,Diandian product collection,verified_visible_table;verified_visible_table;same_scope,https://app.diandian.com/app/7du9uvjpz6909fq/ios-downloads | https://app.diandian.com/app/7du9uvjpz6909fq/ios-income,n.a.
时尚百货城,2026-03,870377,n.a.,n.a.,5568747,n.a.,n.a.,n.a.,n.a.,n.a.,n.a.,n.a.,n.a.,n.a.,n.a.,n.a.,6.398086116705749,0.3557461220032175,0.8991806249984863,2.527590799683696,0.4725561986511409,Diandian product collection,Diandian product collection,verified_visible_table;verified_visible_table;same_scope,https://app.diandian.com/app/7du9uvjpz6909fq/ios-downloads | https://app.diandian.com/app/7du9uvjpz6909fq/ios-income,n.a.
时尚百货城,2026-04,594259,n.a.,n.a.,5548185,n.a.,n.a.,n.a.,n.a.,n.a.,n.a.,n.a.,n.a.,n.a.,n.a.,n.a.,9.336307906148665,0.24288938553696848,0.8958604971472445,3.688347661495038,0.7642673702414043,Diandian product collection,Diandian product collection,verified_visible_table;verified_visible_table;same_scope,https://app.diandian.com/app/7du9uvjpz6909fq/ios-downloads | https://app.diandian.com/app/7du9uvjpz6909fq/ios-income,n.a.
时尚百货城,2026-05,322895,n.a.,n.a.,5472588,n.a.,n.a.,n.a.,n.a.,n.a.,n.a.,n.a.,n.a.,n.a.,n.a.,n.a.,16.948506480434816,0.13197573472670912,0.883653916796582,6.695578688206757,0.8928983463141043,Diandian product collection,Diandian product collection,verified_visible_table;verified_visible_table;same_scope,https://app.diandian.com/app/7du9uvjpz6909fq/ios-downloads | https://app.diandian.com/app/7du9uvjpz6909fq/ios-income,n.a.
时尚百货城,2026-06,266631,n.a.,n.a.,5216021,n.a.,n.a.,n.a.,n.a.,n.a.,n.a.,n.a.,n.a.,n.a.,n.a.,n.a.,19.56269526049109,0.10897914841021751,0.8422262715086947,7.728324948350674,0.8739135618175071,Diandian product collection,Diandian product collection,verified_visible_table;verified_visible_table;same_scope,https://app.diandian.com/app/7du9uvjpz6909fq/ios-downloads | https://app.diandian.com/app/7du9uvjpz6909fq/ios-income,n.a.
时尚百货城,2026-07,369171,n.a.,n.a.,5414014,n.a.,n.a.,n.a.,n.a.,n.a.,n.a.,n.a.,n.a.,n.a.,n.a.,n.a.,14.665328533389676,0.15088996102384347,0.8741960251149055,5.793599648267958,0.8666920711400607,Diandian product collection,Diandian product collection,verified_visible_table;verified_visible_table;same_scope,https://app.diandian.com/app/7du9uvjpz6909fq/ios-downloads | https://app.diandian.com/app/7du9uvjpz6909fq/ios-income,n.a.
时尚百货城,2026-08,299050,n.a.,n.a.,6193135,n.a.,n.a.,n.a.,n.a.,n.a.,3.81,244,1.3.4,n.a.,n.a.,n.a.,20.7093629827788,0.12222965196123312,1,8.181320849356295,0.9054740988745333,Diandian product collection,Diandian product collection,verified_visible_table;verified_visible_table;same_scope,https://app.diandian.com/app/7du9uvjpz6909fq/ios-downloads | https://app.diandian.com/app/7du9uvjpz6909fq/ios-income,n.a.
浪漫餐厅 / Gossip Harbor,2025-09,6729776,n.a.,n.a.,51954047,n.a.,n.a.,n.a.,n.a.,n.a.,n.a.,n.a.,n.a.,n.a.,n.a.,n.a.,7.7200261940367705,0.5923514583069275,0.5969342626536874,1.0077366304792406,n.a.,Diandian product collection,Diandian product collection,verified_visible_table;verified_visible_table;same_scope,https://app.diandian.com/app/yedipu8p7819ir4/googleplay-downloads | https://app.diandian.com/app/yedipu8p7819ir4/googleplay-income,n.a.
浪漫餐厅 / Gossip Harbor,2025-10,5895817,n.a.,n.a.,56897197,n.a.,n.a.,n.a.,n.a.,n.a.,n.a.,n.a.,n.a.,n.a.,n.a.,n.a.,9.650434706504628,0.5189468115819567,0.6537293685370957,1.2597232586211835,n.a.,Diandian product collection,Diandian product collection,verified_visible_table;verified_visible_table;same_scope,https://app.diandian.com/app/yedipu8p7819ir4/googleplay-downloads | https://app.diandian.com/app/yedipu8p7819ir4/googleplay-income,n.a.
浪漫餐厅 / Gossip Harbor,2025-11,4959252,n.a.,n.a.,56440303,n.a.,n.a.,n.a.,n.a.,n.a.,n.a.,n.a.,n.a.,n.a.,n.a.,n.a.,11.380809646293432,0.43651083695973636,0.6484798124630349,1.4855984263292197,0.6330478145512727,Diandian product collection,Diandian product collection,verified_visible_table;verified_visible_table;same_scope,https://app.diandian.com/app/yedipu8p7819ir4/googleplay-downloads | https://app.diandian.com/app/yedipu8p7819ir4/googleplay-income,n.a.
浪漫餐厅 / Gossip Harbor,2025-12,4293609,n.a.,n.a.,62281434,n.a.,n.a.,n.a.,n.a.,n.a.,n.a.,n.a.,n.a.,n.a.,n.a.,n.a.,14.505613808802805,0.377921278887997,0.7155924134611553,1.8934959565302292,0.6726005314870953,Diandian product collection,Diandian product collection,verified_visible_table;verified_visible_table;same_scope,https://app.diandian.com/app/yedipu8p7819ir4/googleplay-downloads | https://app.diandian.com/app/yedipu8p7819ir4/googleplay-income,n.a.
浪漫餐厅 / Gossip Harbor,2026-01,8876700,n.a.,n.a.,65623961,n.a.,n.a.,n.a.,n.a.,n.a.,n.a.,n.a.,n.a.,n.a.,n.a.,n.a.,7.392833034798968,0.7813226160801048,0.7539969075354098,0.9650263438145589,0.7060230444865334,Diandian product collection,Diandian product collection,verified_visible_table;verified_visible_table;same_scope,https://app.diandian.com/app/yedipu8p7819ir4/googleplay-downloads | https://app.diandian.com/app/yedipu8p7819ir4/googleplay-income,n.a.
浪漫餐厅 / Gossip Harbor,2026-02,7279057,n.a.,n.a.,62603111,n.a.,n.a.,n.a.,n.a.,n.a.,n.a.,n.a.,n.a.,n.a.,n.a.,n.a.,8.600442474897504,0.6406988923627248,0.7192883723689888,1.122662113112834,0.729625897788518,Diandian product collection,Diandian product collection,verified_visible_table;verified_visible_table;same_scope,https://app.diandian.com/app/yedipu8p7819ir4/googleplay-downloads | https://app.diandian.com/app/yedipu8p7819ir4/googleplay-income,n.a.
浪漫餐厅 / Gossip Harbor,2026-03,7182333,n.a.,n.a.,80195302,n.a.,n.a.,n.a.,n.a.,n.a.,n.a.,n.a.,n.a.,n.a.,n.a.,n.a.,11.165634063472133,0.6321852951117496,0.9214166408953625,1.4575103976951667,0.7982339735999204,Diandian product collection,Diandian product collection,verified_visible_table;verified_visible_table;same_scope,https://app.diandian.com/app/yedipu8p7819ir4/googleplay-downloads | https://app.diandian.com/app/yedipu8p7819ir4/googleplay-income,n.a.
浪漫餐厅 / Gossip Harbor,2026-04,7745228,n.a.,n.a.,74957230,n.a.,n.a.,n.a.,n.a.,n.a.,n.a.,n.a.,n.a.,n.a.,n.a.,n.a.,9.677859709229994,0.6817310265185123,0.8612329819198272,1.2633031920492188,0.8339793317280595,Diandian product collection,Diandian product collection,verified_visible_table;verified_visible_table;same_scope,https://app.diandian.com/app/yedipu8p7819ir4/googleplay-downloads | https://app.diandian.com/app/yedipu8p7819ir4/googleplay-income,n.a.
浪漫餐厅 / Gossip Harbor,2026-05,7378059,n.a.,n.a.,78474727,n.a.,n.a.,n.a.,n.a.,n.a.,n.a.,n.a.,n.a.,n.a.,n.a.,n.a.,10.636229257586582,0.6494129980142803,0.9016478215584325,1.3884043348615047,0.8947658147912074,Diandian product collection,Diandian product collection,verified_visible_table;verified_visible_table;same_scope,https://app.diandian.com/app/yedipu8p7819ir4/googleplay-downloads | https://app.diandian.com/app/yedipu8p7819ir4/googleplay-income,n.a.
浪漫餐厅 / Gossip Harbor,2026-06,7042514,n.a.,n.a.,73363592,n.a.,n.a.,n.a.,n.a.,n.a.,n.a.,n.a.,n.a.,n.a.,n.a.,n.a.,10.417244750951152,0.6198784978945737,0.8429226253759589,1.3598191068716816,0.8686011429514061,Diandian product collection,Diandian product collection,verified_visible_table;verified_visible_table;same_scope,https://app.diandian.com/app/yedipu8p7819ir4/googleplay-downloads | https://app.diandian.com/app/yedipu8p7819ir4/googleplay-income,n.a.
浪漫餐厅 / Gossip Harbor,2026-07,11361120,n.a.,n.a.,79320715,n.a.,n.a.,n.a.,n.a.,n.a.,n.a.,n.a.,n.a.,n.a.,n.a.,n.a.,6.981768962919149,1,0.9113679348538196,0.9113679348538196,0.8853127939294035,Diandian product collection,Diandian product collection,verified_visible_table;verified_visible_table;same_scope,https://app.diandian.com/app/yedipu8p7819ir4/googleplay-downloads | https://app.diandian.com/app/yedipu8p7819ir4/googleplay-income,n.a.
浪漫餐厅 / Gossip Harbor,2026-08,9528861,n.a.,n.a.,87034788,n.a.,n.a.,n.a.,n.a.,n.a.,4.3,704000,3.98.10,n.a.,n.a.,n.a.,9.133808122502783,0.8387254953736956,1,1.19228520596533,0.9180968534099262,Diandian product collection,Diandian product collection,verified_visible_table;verified_visible_table;same_scope,https://app.diandian.com/app/yedipu8p7819ir4/googleplay-downloads | https://app.diandian.com/app/yedipu8p7819ir4/googleplay-income,n.a.
