product_family,month,total_downloads,ios_downloads,google_play_downloads,revenue_usd,paid_downloads_proxy,organic_downloads,organic_share,top_5_countries,ad_creative_count,rating,review_count,major_version,liveops_event,ip_collab,organic_paid_ratio,rpd_usd,download_peak_ratio,revenue_peak_ratio,revenue_persistence,3m_revenue_carryover,download_scope,revenue_scope,data_status,source_url,notes
Gossip Harbor,2022-07,1000400,n.a.,n.a.,487200,n.a.,n.a.,n.a.,n.a.,n.a.,n.a.,n.a.,n.a.,n.a.,n.a.,n.a.,0.4870051979208317,0.08805469883250946,0.005597761667438082,0.06357141346977624,n.a.,Diandian product collection,Diandian product collection,verified_visible_table;same_scope,https://app.diandian.com/app/yedipu8p7819ir4/googleplay-downloads | https://app.diandian.com/app/yedipu8p7819ir4/googleplay-income,Diandian authenticated monthly table. Picker requested 2021-09..2026-08; output starts at first rendered month or product launch.
Gossip Harbor,2022-08,1413401,n.a.,n.a.,1964677,n.a.,n.a.,n.a.,n.a.,n.a.,n.a.,n.a.,n.a.,n.a.,n.a.,n.a.,1.3900350997346118,0.12440683664990776,0.02257346797926365,0.18144877393504874,n.a.,Diandian product collection,Diandian product collection,verified_visible_table;same_scope,https://app.diandian.com/app/yedipu8p7819ir4/googleplay-downloads | https://app.diandian.com/app/yedipu8p7819ir4/googleplay-income,Diandian authenticated monthly table. Picker requested 2021-09..2026-08; output starts at first rendered month or product launch.
Gossip Harbor,2022-09,558324,n.a.,n.a.,1474632,n.a.,n.a.,n.a.,n.a.,n.a.,n.a.,n.a.,n.a.,n.a.,n.a.,n.a.,2.641176091301825,0.04914339431323672,0.01694301823312306,0.3447669512840198,0.015038082626608261,Diandian product collection,Diandian product collection,verified_visible_table;same_scope,https://app.diandian.com/app/yedipu8p7819ir4/googleplay-downloads | https://app.diandian.com/app/yedipu8p7819ir4/googleplay-income,Diandian authenticated monthly table. Picker requested 2021-09..2026-08; output starts at first rendered month or product launch.
Gossip Harbor,2022-10,658793,n.a.,n.a.,2440209,n.a.,n.a.,n.a.,n.a.,n.a.,n.a.,n.a.,n.a.,n.a.,n.a.,n.a.,3.704060304223026,0.05798662455814216,0.02803716831021637,0.4835109566017936,0.02251788484086769,Diandian product collection,Diandian product collection,verified_visible_table;same_scope,https://app.diandian.com/app/yedipu8p7819ir4/googleplay-downloads | https://app.diandian.com/app/yedipu8p7819ir4/googleplay-income,Diandian authenticated monthly table. Picker requested 2021-09..2026-08; output starts at first rendered month or product launch.
Gossip Harbor,2022-11,424019,n.a.,n.a.,2552749,n.a.,n.a.,n.a.,n.a.,n.a.,n.a.,n.a.,n.a.,n.a.,n.a.,n.a.,6.020364653470717,0.03732193656963398,0.029330214488487064,0.7858706483186843,0.0247701336772755,Diandian product collection,Diandian product collection,verified_visible_table;same_scope,https://app.diandian.com/app/yedipu8p7819ir4/googleplay-downloads | https://app.diandian.com/app/yedipu8p7819ir4/googleplay-income,Diandian authenticated monthly table. Picker requested 2021-09..2026-08; output starts at first rendered month or product launch.
Gossip Harbor,2022-12,418718,n.a.,n.a.,3003720,n.a.,n.a.,n.a.,n.a.,n.a.,n.a.,n.a.,n.a.,n.a.,n.a.,n.a.,7.173610878920897,0.03685534524765164,0.034511717314690306,0.9364100941881512,0.030626366704464583,Diandian product collection,Diandian product collection,verified_visible_table;same_scope,https://app.diandian.com/app/yedipu8p7819ir4/googleplay-downloads | https://app.diandian.com/app/yedipu8p7819ir4/googleplay-income,Diandian authenticated monthly table. Picker requested 2021-09..2026-08; output starts at first rendered month or product launch.
Gossip Harbor,2023-01,393186,n.a.,n.a.,3491408,n.a.,n.a.,n.a.,n.a.,n.a.,n.a.,n.a.,n.a.,n.a.,n.a.,n.a.,8.879787174517913,0.03460803160251806,0.0401150859355227,1.159126482437792,0.03465233924623336,Diandian product collection,Diandian product collection,verified_visible_table;same_scope,https://app.diandian.com/app/yedipu8p7819ir4/googleplay-downloads | https://app.diandian.com/app/yedipu8p7819ir4/googleplay-income,Diandian authenticated monthly table. Picker requested 2021-09..2026-08; output starts at first rendered month or product launch.
Gossip Harbor,2023-02,338991,n.a.,n.a.,3356848,n.a.,n.a.,n.a.,n.a.,n.a.,n.a.,n.a.,n.a.,n.a.,n.a.,n.a.,9.902469387092873,0.02983781528581689,0.038569037474992185,1.2926227039593476,0.03773194690840173,Diandian product collection,Diandian product collection,verified_visible_table;same_scope,https://app.diandian.com/app/yedipu8p7819ir4/googleplay-downloads | https://app.diandian.com/app/yedipu8p7819ir4/googleplay-income,Diandian authenticated monthly table. Picker requested 2021-09..2026-08; output starts at first rendered month or product launch.
Gossip Harbor,2023-03,279061,n.a.,n.a.,4148614,n.a.,n.a.,n.a.,n.a.,n.a.,n.a.,n.a.,n.a.,n.a.,n.a.,n.a.,14.866333883989522,0.024562807188023717,0.04766615850204633,1.9405826922456688,0.04211676063752041,Diandian product collection,Diandian product collection,verified_visible_table;same_scope,https://app.diandian.com/app/yedipu8p7819ir4/googleplay-downloads | https://app.diandian.com/app/yedipu8p7819ir4/googleplay-income,Diandian authenticated monthly table. Picker requested 2021-09..2026-08; output starts at first rendered month or product launch.
Gossip Harbor,2023-04,248970,n.a.,n.a.,4268998,n.a.,n.a.,n.a.,n.a.,n.a.,n.a.,n.a.,n.a.,n.a.,n.a.,n.a.,17.14663614090051,0.02191421268325658,0.049049329562335466,2.238242836796565,0.04509484184645799,Diandian product collection,Diandian product collection,verified_visible_table;same_scope,https://app.diandian.com/app/yedipu8p7819ir4/googleplay-downloads | https://app.diandian.com/app/yedipu8p7819ir4/googleplay-income,Diandian authenticated monthly table. Picker requested 2021-09..2026-08; output starts at first rendered month or product launch.
Gossip Harbor,2023-05,412820,n.a.,n.a.,4603193,n.a.,n.a.,n.a.,n.a.,n.a.,n.a.,n.a.,n.a.,n.a.,n.a.,n.a.,11.150605590814399,0.03633620628952075,0.05288911601645999,1.4555486501548471,0.04986820136028059,Diandian product collection,Diandian product collection,verified_visible_table;same_scope,https://app.diandian.com/app/yedipu8p7819ir4/googleplay-downloads | https://app.diandian.com/app/yedipu8p7819ir4/googleplay-income,Diandian authenticated monthly table. Picker requested 2021-09..2026-08; output starts at first rendered month or product launch.
Gossip Harbor,2023-06,507550,n.a.,n.a.,5079990,n.a.,n.a.,n.a.,n.a.,n.a.,n.a.,n.a.,n.a.,n.a.,n.a.,n.a.,10.008846419072013,0.044674292675370035,0.05836735076553527,1.3065086713217182,0.053435265448110246,Diandian product collection,Diandian product collection,verified_visible_table;same_scope,https://app.diandian.com/app/yedipu8p7819ir4/googleplay-downloads | https://app.diandian.com/app/yedipu8p7819ir4/googleplay-income,Diandian authenticated monthly table. Picker requested 2021-09..2026-08; output starts at first rendered month or product launch.
Gossip Harbor,2023-07,589851,n.a.,n.a.,5207345,n.a.,n.a.,n.a.,n.a.,n.a.,n.a.,n.a.,n.a.,n.a.,n.a.,n.a.,8.828237978743784,0.05191838480713169,0.05983061623588949,1.1523974880603556,0.05702902767262825,Diandian product collection,Diandian product collection,verified_visible_table;same_scope,https://app.diandian.com/app/yedipu8p7819ir4/googleplay-downloads | https://app.diandian.com/app/yedipu8p7819ir4/googleplay-income,Diandian authenticated monthly table. Picker requested 2021-09..2026-08; output starts at first rendered month or product launch.
Gossip Harbor,2023-08,848535,n.a.,n.a.,5728700,n.a.,n.a.,n.a.,n.a.,n.a.,n.a.,n.a.,n.a.,n.a.,n.a.,n.a.,6.751283093802848,0.0746876188263129,0.06582080719263658,0.8812813720263835,0.06133959139802044,Diandian product collection,Diandian product collection,verified_visible_table;same_scope,https://app.diandian.com/app/yedipu8p7819ir4/googleplay-downloads | https://app.diandian.com/app/yedipu8p7819ir4/googleplay-income,Diandian authenticated monthly table. Picker requested 2021-09..2026-08; output starts at first rendered month or product launch.
Gossip Harbor,2023-09,889426,n.a.,n.a.,6019262,n.a.,n.a.,n.a.,n.a.,n.a.,n.a.,n.a.,n.a.,n.a.,n.a.,n.a.,6.767580439519421,0.07828682383426987,0.06915926537328959,0.8834087524063697,0.06493689626727189,Diandian product collection,Diandian product collection,verified_visible_table;same_scope,https://app.diandian.com/app/yedipu8p7819ir4/googleplay-downloads | https://app.diandian.com/app/yedipu8p7819ir4/googleplay-income,Diandian authenticated monthly table. Picker requested 2021-09..2026-08; output starts at first rendered month or product launch.
Gossip Harbor,2023-10,684498,n.a.,n.a.,6759997,n.a.,n.a.,n.a.,n.a.,n.a.,n.a.,n.a.,n.a.,n.a.,n.a.,n.a.,9.875846240602602,0.06024916557522498,0.0776700576325871,1.2891474411477286,0.07088337673283776,Diandian product collection,Diandian product collection,verified_visible_table;same_scope,https://app.diandian.com/app/yedipu8p7819ir4/googleplay-downloads | https://app.diandian.com/app/yedipu8p7819ir4/googleplay-income,Diandian authenticated monthly table. Picker requested 2021-09..2026-08; output starts at first rendered month or product launch.
Gossip Harbor,2023-11,718798,n.a.,n.a.,6696509,n.a.,n.a.,n.a.,n.a.,n.a.,n.a.,n.a.,n.a.,n.a.,n.a.,n.a.,9.31625992281559,0.06326823411776304,0.07694060218771372,1.2161016228855366,0.07458997506453013,Diandian product collection,Diandian product collection,verified_visible_table;same_scope,https://app.diandian.com/app/yedipu8p7819ir4/googleplay-downloads | https://app.diandian.com/app/yedipu8p7819ir4/googleplay-income,Diandian authenticated monthly table. Picker requested 2021-09..2026-08; output starts at first rendered month or product launch.
Gossip Harbor,2023-12,573581,n.a.,n.a.,7275350,n.a.,n.a.,n.a.,n.a.,n.a.,n.a.,n.a.,n.a.,n.a.,n.a.,n.a.,12.684084723866377,0.05048630768797442,0.08359128765844756,1.655721946930149,0.0794006491595828,Diandian product collection,Diandian product collection,verified_visible_table;same_scope,https://app.diandian.com/app/yedipu8p7819ir4/googleplay-downloads | https://app.diandian.com/app/yedipu8p7819ir4/googleplay-income,Diandian authenticated monthly table. Picker requested 2021-09..2026-08; output starts at first rendered month or product launch.
Gossip Harbor,2024-01,1065350,n.a.,n.a.,7114238,n.a.,n.a.,n.a.,n.a.,n.a.,n.a.,n.a.,n.a.,n.a.,n.a.,n.a.,6.677841085089407,0.09377156477530384,0.0817401657829051,0.8716945907724963,0.08075735187635547,Diandian product collection,Diandian product collection,verified_visible_table;same_scope,https://app.diandian.com/app/yedipu8p7819ir4/googleplay-downloads | https://app.diandian.com/app/yedipu8p7819ir4/googleplay-income,Diandian authenticated monthly table. Picker requested 2021-09..2026-08; output starts at first rendered month or product launch.
Gossip Harbor,2024-02,1669111,n.a.,n.a.,8460866,n.a.,n.a.,n.a.,n.a.,n.a.,n.a.,n.a.,n.a.,n.a.,n.a.,n.a.,5.069085279529043,0.1469143007027476,0.09721246175724585,0.6616950241892127,0.08751463839953284,Diandian product collection,Diandian product collection,verified_visible_table;same_scope,https://app.diandian.com/app/yedipu8p7819ir4/googleplay-downloads | https://app.diandian.com/app/yedipu8p7819ir4/googleplay-income,Diandian authenticated monthly table. Picker requested 2021-09..2026-08; output starts at first rendered month or product launch.
Gossip Harbor,2024-03,1825126,n.a.,n.a.,11034908,n.a.,n.a.,n.a.,n.a.,n.a.,n.a.,n.a.,n.a.,n.a.,n.a.,n.a.,6.046107501619066,0.16064666159674398,0.12678732554619424,0.789231001042875,0.1019133176954484,Diandian product collection,Diandian product collection,verified_visible_table;same_scope,https://app.diandian.com/app/yedipu8p7819ir4/googleplay-downloads | https://app.diandian.com/app/yedipu8p7819ir4/googleplay-income,Diandian authenticated monthly table. Picker requested 2021-09..2026-08; output starts at first rendered month or product launch.
Gossip Harbor,2024-04,1839576,n.a.,n.a.,10493135,n.a.,n.a.,n.a.,n.a.,n.a.,n.a.,n.a.,n.a.,n.a.,n.a.,n.a.,5.704105185107872,0.16191854324221555,0.12056253874025637,0.7445875952571144,0.11485410868123215,Diandian product collection,Diandian product collection,verified_visible_table;same_scope,https://app.diandian.com/app/yedipu8p7819ir4/googleplay-downloads | https://app.diandian.com/app/yedipu8p7819ir4/googleplay-income,Diandian authenticated monthly table. Picker requested 2021-09..2026-08; output starts at first rendered month or product launch.
Gossip Harbor,2024-05,2162425,n.a.,n.a.,11718816,n.a.,n.a.,n.a.,n.a.,n.a.,n.a.,n.a.,n.a.,n.a.,n.a.,n.a.,5.419293617119669,0.1903355479037278,0.13464519497651906,0.7074096061373829,0.12733168642098988,Diandian product collection,Diandian product collection,verified_visible_table;same_scope,https://app.diandian.com/app/yedipu8p7819ir4/googleplay-downloads | https://app.diandian.com/app/yedipu8p7819ir4/googleplay-income,Diandian authenticated monthly table. Picker requested 2021-09..2026-08; output starts at first rendered month or product launch.
Gossip Harbor,2024-06,2111664,n.a.,n.a.,12851100,n.a.,n.a.,n.a.,n.a.,n.a.,n.a.,n.a.,n.a.,n.a.,n.a.,n.a.,6.085769326938377,0.1858675905192446,0.1476547515689933,0.7944082728812544,0.13428749509525623,Diandian product collection,Diandian product collection,verified_visible_table;same_scope,https://app.diandian.com/app/yedipu8p7819ir4/googleplay-downloads | https://app.diandian.com/app/yedipu8p7819ir4/googleplay-income,Diandian authenticated monthly table. Picker requested 2021-09..2026-08; output starts at first rendered month or product launch.
Gossip Harbor,2024-07,2290623,n.a.,n.a.,14116558,n.a.,n.a.,n.a.,n.a.,n.a.,n.a.,n.a.,n.a.,n.a.,n.a.,n.a.,6.162759214414594,0.20161947061557312,0.16219443195518554,0.8044581778733111,0.14816479283356598,Diandian product collection,Diandian product collection,verified_visible_table;same_scope,https://app.diandian.com/app/yedipu8p7819ir4/googleplay-downloads | https://app.diandian.com/app/yedipu8p7819ir4/googleplay-income,Diandian authenticated monthly table. Picker requested 2021-09..2026-08; output starts at first rendered month or product launch.
Gossip Harbor,2024-08,2350564,n.a.,n.a.,16093680,n.a.,n.a.,n.a.,n.a.,n.a.,n.a.,n.a.,n.a.,n.a.,n.a.,n.a.,6.846731252584486,0.20689544692776768,0.1849108887356628,0.8937407346630483,0.16492002408661388,Diandian product collection,Diandian product collection,verified_visible_table;same_scope,https://app.diandian.com/app/yedipu8p7819ir4/googleplay-downloads | https://app.diandian.com/app/yedipu8p7819ir4/googleplay-income,Diandian authenticated monthly table. Picker requested 2021-09..2026-08; output starts at first rendered month or product launch.
Gossip Harbor,2024-09,2591830,n.a.,n.a.,18469499,n.a.,n.a.,n.a.,n.a.,n.a.,n.a.,n.a.,n.a.,n.a.,n.a.,n.a.,7.126045689725021,0.2281315574520822,0.2122082379289532,0.9302011536633917,0.18643785287326717,Diandian product collection,Diandian product collection,verified_visible_table;same_scope,https://app.diandian.com/app/yedipu8p7819ir4/googleplay-downloads | https://app.diandian.com/app/yedipu8p7819ir4/googleplay-income,Diandian authenticated monthly table. Picker requested 2021-09..2026-08; output starts at first rendered month or product launch.
Gossip Harbor,2024-10,2582800,n.a.,n.a.,22006363,n.a.,n.a.,n.a.,n.a.,n.a.,n.a.,n.a.,n.a.,n.a.,n.a.,n.a.,8.520351169273656,0.22733674144802626,0.2528455977855659,1.1122073632931502,0.21665490815006064,Diandian product collection,Diandian product collection,verified_visible_table;same_scope,https://app.diandian.com/app/yedipu8p7819ir4/googleplay-downloads | https://app.diandian.com/app/yedipu8p7819ir4/googleplay-income,Diandian authenticated monthly table. Picker requested 2021-09..2026-08; output starts at first rendered month or product launch.
Gossip Harbor,2024-11,2493615,n.a.,n.a.,22449132,n.a.,n.a.,n.a.,n.a.,n.a.,n.a.,n.a.,n.a.,n.a.,n.a.,n.a.,9.002645556751945,0.2194867231399721,0.2579328624319738,1.1751638492843306,0.24099556604883096,Diandian product collection,Diandian product collection,verified_visible_table;same_scope,https://app.diandian.com/app/yedipu8p7819ir4/googleplay-downloads | https://app.diandian.com/app/yedipu8p7819ir4/googleplay-income,Diandian authenticated monthly table. Picker requested 2021-09..2026-08; output starts at first rendered month or product launch.
Gossip Harbor,2024-12,2902449,n.a.,n.a.,28058567,n.a.,n.a.,n.a.,n.a.,n.a.,n.a.,n.a.,n.a.,n.a.,n.a.,n.a.,9.667204143810968,0.255472083738223,0.3223833554922889,1.2619122636609819,0.2777206052366095,Diandian product collection,Diandian product collection,verified_visible_table;same_scope,https://app.diandian.com/app/yedipu8p7819ir4/googleplay-downloads | https://app.diandian.com/app/yedipu8p7819ir4/googleplay-income,Diandian authenticated monthly table. Picker requested 2021-09..2026-08; output starts at first rendered month or product launch.
Gossip Harbor,2025-01,5154056,n.a.,n.a.,29156698,n.a.,n.a.,n.a.,n.a.,n.a.,n.a.,n.a.,n.a.,n.a.,n.a.,n.a.,5.657039426812592,0.4536573858915318,0.33500050577477136,0.73844384813977,0.3051055745663447,Diandian product collection,Diandian product collection,verified_visible_table;same_scope,https://app.diandian.com/app/yedipu8p7819ir4/googleplay-downloads | https://app.diandian.com/app/yedipu8p7819ir4/googleplay-income,Diandian authenticated monthly table. Picker requested 2021-09..2026-08; output starts at first rendered month or product launch.
Gossip Harbor,2025-02,4019675,n.a.,n.a.,27724092,n.a.,n.a.,n.a.,n.a.,n.a.,n.a.,n.a.,n.a.,n.a.,n.a.,n.a.,6.897097899705822,0.3538097476305153,0.3185403519337578,0.9003153645908324,0.3253080710669394,Diandian product collection,Diandian product collection,verified_visible_table;same_scope,https://app.diandian.com/app/yedipu8p7819ir4/googleplay-downloads | https://app.diandian.com/app/yedipu8p7819ir4/googleplay-income,Diandian authenticated monthly table. Picker requested 2021-09..2026-08; output starts at first rendered month or product launch.
Gossip Harbor,2025-03,4339400,n.a.,n.a.,32916845,n.a.,n.a.,n.a.,n.a.,n.a.,n.a.,n.a.,n.a.,n.a.,n.a.,n.a.,7.585575194727381,0.3819517794020308,0.3782033110714304,0.9901860168410033,0.3439147229266532,Diandian product collection,Diandian product collection,verified_visible_table;same_scope,https://app.diandian.com/app/yedipu8p7819ir4/googleplay-downloads | https://app.diandian.com/app/yedipu8p7819ir4/googleplay-income,Diandian authenticated monthly table. Picker requested 2021-09..2026-08; output starts at first rendered month or product launch.
Gossip Harbor,2025-04,4518091,n.a.,n.a.,34336716,n.a.,n.a.,n.a.,n.a.,n.a.,n.a.,n.a.,n.a.,n.a.,n.a.,n.a.,7.59982833457759,0.39768007027476165,0.39451714411023786,0.9920465560108696,0.3637536023718087,Diandian product collection,Diandian product collection,verified_visible_table;same_scope,https://app.diandian.com/app/yedipu8p7819ir4/googleplay-downloads | https://app.diandian.com/app/yedipu8p7819ir4/googleplay-income,Diandian authenticated monthly table. Picker requested 2021-09..2026-08; output starts at first rendered month or product launch.
Gossip Harbor,2025-05,5103281,n.a.,n.a.,37587933,n.a.,n.a.,n.a.,n.a.,n.a.,n.a.,n.a.,n.a.,n.a.,n.a.,n.a.,7.365444505211451,0.4491881962341741,0.43187251745819155,0.9614511714217988,0.40153099087995325,Diandian product collection,Diandian product collection,verified_visible_table;same_scope,https://app.diandian.com/app/yedipu8p7819ir4/googleplay-downloads | https://app.diandian.com/app/yedipu8p7819ir4/googleplay-income,Diandian authenticated monthly table. Picker requested 2021-09..2026-08; output starts at first rendered month or product launch.
Gossip Harbor,2025-06,4638719,n.a.,n.a.,39036009,n.a.,n.a.,n.a.,n.a.,n.a.,n.a.,n.a.,n.a.,n.a.,n.a.,n.a.,8.415256237767366,0.4082976854394637,0.4485104163176683,1.098488755416094,0.42496669262869924,Diandian product collection,Diandian product collection,verified_visible_table;same_scope,https://app.diandian.com/app/yedipu8p7819ir4/googleplay-downloads | https://app.diandian.com/app/yedipu8p7819ir4/googleplay-income,Diandian authenticated monthly table. Picker requested 2021-09..2026-08; output starts at first rendered month or product launch.
Gossip Harbor,2025-07,8033876,n.a.,n.a.,42083775,n.a.,n.a.,n.a.,n.a.,n.a.,n.a.,n.a.,n.a.,n.a.,n.a.,n.a.,5.238290334578228,0.707137676567099,0.4835282071348298,0.6837822720494637,0.4546370469702299,Diandian product collection,Diandian product collection,verified_visible_table;same_scope,https://app.diandian.com/app/yedipu8p7819ir4/googleplay-downloads | https://app.diandian.com/app/yedipu8p7819ir4/googleplay-income,Diandian authenticated monthly table. Picker requested 2021-09..2026-08; output starts at first rendered month or product launch.
Gossip Harbor,2025-08,7281820,n.a.,n.a.,46595413,n.a.,n.a.,n.a.,n.a.,n.a.,n.a.,n.a.,n.a.,n.a.,n.a.,n.a.,6.3988691014059675,0.6409420902164575,0.5353653874586332,0.8352788740677504,0.48913467030371044,Diandian product collection,Diandian product collection,verified_visible_table;same_scope,https://app.diandian.com/app/yedipu8p7819ir4/googleplay-downloads | https://app.diandian.com/app/yedipu8p7819ir4/googleplay-income,Diandian authenticated monthly table. Picker requested 2021-09..2026-08; output starts at first rendered month or product launch.
Gossip Harbor,2025-09,6729776,n.a.,n.a.,51954047,n.a.,n.a.,n.a.,n.a.,n.a.,n.a.,n.a.,n.a.,n.a.,n.a.,n.a.,7.7200261940367705,0.5923514583069275,0.5969342626536874,1.0077366304792406,0.5386092857490501,Diandian product collection,Diandian product collection,verified_visible_table;same_scope,https://app.diandian.com/app/yedipu8p7819ir4/googleplay-downloads | https://app.diandian.com/app/yedipu8p7819ir4/googleplay-income,Diandian authenticated monthly table. Picker requested 2021-09..2026-08; output starts at first rendered month or product launch.
Gossip Harbor,2025-10,5895817,n.a.,n.a.,56897197,n.a.,n.a.,n.a.,n.a.,n.a.,n.a.,n.a.,n.a.,n.a.,n.a.,n.a.,9.650434706504628,0.5189468115819567,0.6537293685370957,1.2597232586211835,0.5953430062164722,Diandian product collection,Diandian product collection,verified_visible_table;same_scope,https://app.diandian.com/app/yedipu8p7819ir4/googleplay-downloads | https://app.diandian.com/app/yedipu8p7819ir4/googleplay-income,Diandian authenticated monthly table. Picker requested 2021-09..2026-08; output starts at first rendered month or product launch.
Gossip Harbor,2025-11,4959252,n.a.,n.a.,56440303,n.a.,n.a.,n.a.,n.a.,n.a.,n.a.,n.a.,n.a.,n.a.,n.a.,n.a.,11.380809646293432,0.43651083695973636,0.6484798124630349,1.4855984263292197,0.6330478145512727,Diandian product collection,Diandian product collection,verified_visible_table;same_scope,https://app.diandian.com/app/yedipu8p7819ir4/googleplay-downloads | https://app.diandian.com/app/yedipu8p7819ir4/googleplay-income,Diandian authenticated monthly table. Picker requested 2021-09..2026-08; output starts at first rendered month or product launch.
Gossip Harbor,2025-12,4293609,n.a.,n.a.,62281434,n.a.,n.a.,n.a.,n.a.,n.a.,n.a.,n.a.,n.a.,n.a.,n.a.,n.a.,14.505613808802805,0.377921278887997,0.7155924134611553,1.8934959565302292,0.6726005314870953,Diandian product collection,Diandian product collection,verified_visible_table;same_scope,https://app.diandian.com/app/yedipu8p7819ir4/googleplay-downloads | https://app.diandian.com/app/yedipu8p7819ir4/googleplay-income,Diandian authenticated monthly table. Picker requested 2021-09..2026-08; output starts at first rendered month or product launch.
Gossip Harbor,2026-01,8876700,n.a.,n.a.,65623961,n.a.,n.a.,n.a.,n.a.,n.a.,n.a.,n.a.,n.a.,n.a.,n.a.,n.a.,7.392833034798968,0.7813226160801048,0.7539969075354098,0.9650263438145589,0.7060230444865334,Diandian product collection,Diandian product collection,verified_visible_table;same_scope,https://app.diandian.com/app/yedipu8p7819ir4/googleplay-downloads | https://app.diandian.com/app/yedipu8p7819ir4/googleplay-income,Diandian authenticated monthly table. Picker requested 2021-09..2026-08; output starts at first rendered month or product launch.
Gossip Harbor,2026-02,7279057,n.a.,n.a.,62603111,n.a.,n.a.,n.a.,n.a.,n.a.,n.a.,n.a.,n.a.,n.a.,n.a.,n.a.,8.600442474897504,0.6406988923627248,0.7192883723689888,1.122662113112834,0.729625897788518,Diandian product collection,Diandian product collection,verified_visible_table;same_scope,https://app.diandian.com/app/yedipu8p7819ir4/googleplay-downloads | https://app.diandian.com/app/yedipu8p7819ir4/googleplay-income,Diandian authenticated monthly table. Picker requested 2021-09..2026-08; output starts at first rendered month or product launch.
Gossip Harbor,2026-03,7182333,n.a.,n.a.,80195302,n.a.,n.a.,n.a.,n.a.,n.a.,n.a.,n.a.,n.a.,n.a.,n.a.,n.a.,11.165634063472133,0.6321852951117496,0.9214166408953625,1.4575103976951667,0.7982339735999204,Diandian product collection,Diandian product collection,verified_visible_table;same_scope,https://app.diandian.com/app/yedipu8p7819ir4/googleplay-downloads | https://app.diandian.com/app/yedipu8p7819ir4/googleplay-income,Diandian authenticated monthly table. Picker requested 2021-09..2026-08; output starts at first rendered month or product launch.
Gossip Harbor,2026-04,7745228,n.a.,n.a.,74957230,n.a.,n.a.,n.a.,n.a.,n.a.,n.a.,n.a.,n.a.,n.a.,n.a.,n.a.,9.677859709229994,0.6817310265185123,0.8612329819198272,1.2633031920492188,0.8339793317280595,Diandian product collection,Diandian product collection,verified_visible_table;same_scope,https://app.diandian.com/app/yedipu8p7819ir4/googleplay-downloads | https://app.diandian.com/app/yedipu8p7819ir4/googleplay-income,Diandian authenticated monthly table. Picker requested 2021-09..2026-08; output starts at first rendered month or product launch.
Gossip Harbor,2026-05,7378059,n.a.,n.a.,78474727,n.a.,n.a.,n.a.,n.a.,n.a.,n.a.,n.a.,n.a.,n.a.,n.a.,n.a.,10.636229257586582,0.6494129980142803,0.9016478215584325,1.3884043348615047,0.8947658147912074,Diandian product collection,Diandian product collection,verified_visible_table;same_scope,https://app.diandian.com/app/yedipu8p7819ir4/googleplay-downloads | https://app.diandian.com/app/yedipu8p7819ir4/googleplay-income,Diandian authenticated monthly table. Picker requested 2021-09..2026-08; output starts at first rendered month or product launch.
Gossip Harbor,2026-06,7042514,n.a.,n.a.,73363592,n.a.,n.a.,n.a.,n.a.,n.a.,n.a.,n.a.,n.a.,n.a.,n.a.,n.a.,10.417244750951152,0.6198784978945737,0.8429226253759589,1.3598191068716816,0.8686011429514061,Diandian product collection,Diandian product collection,verified_visible_table;same_scope,https://app.diandian.com/app/yedipu8p7819ir4/googleplay-downloads | https://app.diandian.com/app/yedipu8p7819ir4/googleplay-income,Diandian authenticated monthly table. Picker requested 2021-09..2026-08; output starts at first rendered month or product launch.
Gossip Harbor,2026-07,11361120,n.a.,n.a.,79320715,n.a.,n.a.,n.a.,n.a.,n.a.,n.a.,n.a.,n.a.,n.a.,n.a.,n.a.,6.981768962919149,1,0.9113679348538196,0.9113679348538196,0.8853127939294035,Diandian product collection,Diandian product collection,verified_visible_table;same_scope,https://app.diandian.com/app/yedipu8p7819ir4/googleplay-downloads | https://app.diandian.com/app/yedipu8p7819ir4/googleplay-income,Diandian authenticated monthly table. Picker requested 2021-09..2026-08; output starts at first rendered month or product launch.
Gossip Harbor,2026-08,9528861,n.a.,n.a.,87034788,n.a.,n.a.,n.a.,n.a.,n.a.,4.3,704000,3.98.10,n.a.,n.a.,n.a.,9.133808122502783,0.8387254953736956,1,1.19228520596533,0.9180968534099262,Diandian product collection,Diandian product collection,verified_visible_table;same_scope,https://app.diandian.com/app/yedipu8p7819ir4/googleplay-downloads | https://app.diandian.com/app/yedipu8p7819ir4/googleplay-income,Diandian authenticated monthly table. Picker requested 2021-09..2026-08; output starts at first rendered month or product launch.
Township,2021-09,5171534,n.a.,n.a.,23209108,n.a.,n.a.,n.a.,n.a.,n.a.,n.a.,n.a.,n.a.,n.a.,n.a.,n.a.,4.487857567986597,0.4526820590101301,0.5675836670287832,1.2538240818951516,n.a.,Diandian product collection,Diandian product collection,verified_visible_table;same_scope,https://app.diandian.com/app/pn3qiru8j95ligy/googleplay-downloads | https://app.diandian.com/app/pn3qiru8j95ligy/googleplay-income,Diandian authenticated monthly table. Picker requested 2021-09..2026-08; output starts at first rendered month or product launch.
Township,2021-10,5017533,n.a.,n.a.,24490547,n.a.,n.a.,n.a.,n.a.,n.a.,n.a.,n.a.,n.a.,n.a.,n.a.,n.a.,4.880993707465402,0.4392018247566921,0.5989215300217813,1.3636590202091494,n.a.,Diandian product collection,Diandian product collection,verified_visible_table;same_scope,https://app.diandian.com/app/pn3qiru8j95ligy/googleplay-downloads | https://app.diandian.com/app/pn3qiru8j95ligy/googleplay-income,Diandian authenticated monthly table. Picker requested 2021-09..2026-08; output starts at first rendered month or product launch.
Township,2021-11,3754685,n.a.,n.a.,25349595,n.a.,n.a.,n.a.,n.a.,n.a.,n.a.,n.a.,n.a.,n.a.,n.a.,n.a.,6.7514571794970815,0.3286604200483745,0.6199297313707406,1.8862317868379013,0.5954783094737683,Diandian product collection,Diandian product collection,verified_visible_table;same_scope,https://app.diandian.com/app/pn3qiru8j95ligy/googleplay-downloads | https://app.diandian.com/app/pn3qiru8j95ligy/googleplay-income,Diandian authenticated monthly table. Picker requested 2021-09..2026-08; output starts at first rendered month or product launch.
Township,2021-12,3369813,n.a.,n.a.,24176493,n.a.,n.a.,n.a.,n.a.,n.a.,n.a.,n.a.,n.a.,n.a.,n.a.,n.a.,7.174431637601256,0.29497125752612346,0.5912412727294692,2.004402997390711,0.6033641780406638,Diandian product collection,Diandian product collection,verified_visible_table;same_scope,https://app.diandian.com/app/pn3qiru8j95ligy/googleplay-downloads | https://app.diandian.com/app/pn3qiru8j95ligy/googleplay-income,Diandian authenticated monthly table. Picker requested 2021-09..2026-08; output starts at first rendered month or product launch.
Township,2022-01,5583725,n.a.,n.a.,20827917,n.a.,n.a.,n.a.,n.a.,n.a.,n.a.,n.a.,n.a.,n.a.,n.a.,n.a.,3.7301115294897222,0.48876254704046007,0.5093511352280808,1.042123907227115,0.5735073797760969,Diandian product collection,Diandian product collection,verified_visible_table;same_scope,https://app.diandian.com/app/pn3qiru8j95ligy/googleplay-downloads | https://app.diandian.com/app/pn3qiru8j95ligy/googleplay-income,Diandian authenticated monthly table. Picker requested 2021-09..2026-08; output starts at first rendered month or product launch.
Township,2022-02,3739461,n.a.,n.a.,22699060,n.a.,n.a.,n.a.,n.a.,n.a.,n.a.,n.a.,n.a.,n.a.,n.a.,n.a.,6.070142194289498,0.32732781125833843,0.5551103348265849,1.6958850294223018,0.5519009142613783,Diandian product collection,Diandian product collection,verified_visible_table;same_scope,https://app.diandian.com/app/pn3qiru8j95ligy/googleplay-downloads | https://app.diandian.com/app/pn3qiru8j95ligy/googleplay-income,Diandian authenticated monthly table. Picker requested 2021-09..2026-08; output starts at first rendered month or product launch.
Township,2022-03,5422279,n.a.,n.a.,22133668,n.a.,n.a.,n.a.,n.a.,n.a.,n.a.,n.a.,n.a.,n.a.,n.a.,n.a.,4.081986190677388,0.4746306264731875,0.5412835533462825,1.140431154576706,0.5352483411336495,Diandian product collection,Diandian product collection,verified_visible_table;same_scope,https://app.diandian.com/app/pn3qiru8j95ligy/googleplay-downloads | https://app.diandian.com/app/pn3qiru8j95ligy/googleplay-income,Diandian authenticated monthly table. Picker requested 2021-09..2026-08; output starts at first rendered month or product launch.
Township,2022-04,5637799,n.a.,n.a.,24722378,n.a.,n.a.,n.a.,n.a.,n.a.,n.a.,n.a.,n.a.,n.a.,n.a.,n.a.,4.385111636651112,0.49349582920759144,0.6045910063804139,1.2251187762847124,0.5669949648510937,Diandian product collection,Diandian product collection,verified_visible_table;same_scope,https://app.diandian.com/app/pn3qiru8j95ligy/googleplay-downloads | https://app.diandian.com/app/pn3qiru8j95ligy/googleplay-income,Diandian authenticated monthly table. Picker requested 2021-09..2026-08; output starts at first rendered month or product launch.
Township,2022-05,5332314,n.a.,n.a.,25237692,n.a.,n.a.,n.a.,n.a.,n.a.,n.a.,n.a.,n.a.,n.a.,n.a.,n.a.,4.732971839242775,0.4667556823195096,0.6171931197313996,1.322304458435946,0.587689226486032,Diandian product collection,Diandian product collection,verified_visible_table;same_scope,https://app.diandian.com/app/pn3qiru8j95ligy/googleplay-downloads | https://app.diandian.com/app/pn3qiru8j95ligy/googleplay-income,Diandian authenticated monthly table. Picker requested 2021-09..2026-08; output starts at first rendered month or product launch.
Township,2022-06,4646817,n.a.,n.a.,24739531,n.a.,n.a.,n.a.,n.a.,n.a.,n.a.,n.a.,n.a.,n.a.,n.a.,n.a.,5.323973593106851,0.40675178533163964,0.6050104866396527,1.4874193757904848,0.6089315375838221,Diandian product collection,Diandian product collection,verified_visible_table;same_scope,https://app.diandian.com/app/pn3qiru8j95ligy/googleplay-downloads | https://app.diandian.com/app/pn3qiru8j95ligy/googleplay-income,Diandian authenticated monthly table. Picker requested 2021-09..2026-08; output starts at first rendered month or product launch.
Township,2022-07,6848568,n.a.,n.a.,24378271,n.a.,n.a.,n.a.,n.a.,n.a.,n.a.,n.a.,n.a.,n.a.,n.a.,n.a.,3.5596158204167643,0.5994785809221961,0.5961757965881946,0.9944905715748498,0.6061264676530823,Diandian product collection,Diandian product collection,verified_visible_table;same_scope,https://app.diandian.com/app/pn3qiru8j95ligy/googleplay-downloads | https://app.diandian.com/app/pn3qiru8j95ligy/googleplay-income,Diandian authenticated monthly table. Picker requested 2021-09..2026-08; output starts at first rendered month or product launch.
Township,2022-08,7409028,n.a.,n.a.,26571193,n.a.,n.a.,n.a.,n.a.,n.a.,n.a.,n.a.,n.a.,n.a.,n.a.,n.a.,3.586326438501785,0.6485375616410346,0.6498041699952248,1.0019530223522988,0.6169968177410241,Diandian product collection,Diandian product collection,verified_visible_table;same_scope,https://app.diandian.com/app/pn3qiru8j95ligy/googleplay-downloads | https://app.diandian.com/app/pn3qiru8j95ligy/googleplay-income,Diandian authenticated monthly table. Picker requested 2021-09..2026-08; output starts at first rendered month or product launch.
Township,2022-09,9356934,n.a.,n.a.,29690057,n.a.,n.a.,n.a.,n.a.,n.a.,n.a.,n.a.,n.a.,n.a.,n.a.,n.a.,3.17305401534306,0.8190444361657281,0.7260766517331727,0.8864923802330257,0.6573522061055307,Diandian product collection,Diandian product collection,verified_visible_table;same_scope,https://app.diandian.com/app/pn3qiru8j95ligy/googleplay-downloads | https://app.diandian.com/app/pn3qiru8j95ligy/googleplay-income,Diandian authenticated monthly table. Picker requested 2021-09..2026-08; output starts at first rendered month or product launch.
Township,2022-10,9259173,n.a.,n.a.,32837617,n.a.,n.a.,n.a.,n.a.,n.a.,n.a.,n.a.,n.a.,n.a.,n.a.,n.a.,3.5464956751537096,0.8104870814677043,0.8030509002477264,0.99082504658,0.7263105739920414,Diandian product collection,Diandian product collection,verified_visible_table;same_scope,https://app.diandian.com/app/pn3qiru8j95ligy/googleplay-downloads | https://app.diandian.com/app/pn3qiru8j95ligy/googleplay-income,Diandian authenticated monthly table. Picker requested 2021-09..2026-08; output starts at first rendered month or product launch.
Township,2022-11,7902053,n.a.,n.a.,31333971,n.a.,n.a.,n.a.,n.a.,n.a.,n.a.,n.a.,n.a.,n.a.,n.a.,n.a.,3.965294968282293,0.6916937261646496,0.7662789178607617,1.1078297935557073,0.7651354899472202,Diandian product collection,Diandian product collection,verified_visible_table;same_scope,https://app.diandian.com/app/pn3qiru8j95ligy/googleplay-downloads | https://app.diandian.com/app/pn3qiru8j95ligy/googleplay-income,Diandian authenticated monthly table. Picker requested 2021-09..2026-08; output starts at first rendered month or product launch.
Township,2022-12,7390870,n.a.,n.a.,34931895,n.a.,n.a.,n.a.,n.a.,n.a.,n.a.,n.a.,n.a.,n.a.,n.a.,n.a.,4.726357654782184,0.6469481297959561,0.8542669136773552,1.3204565780981334,0.8078655772619477,Diandian product collection,Diandian product collection,verified_visible_table;same_scope,https://app.diandian.com/app/pn3qiru8j95ligy/googleplay-downloads | https://app.diandian.com/app/pn3qiru8j95ligy/googleplay-income,Diandian authenticated monthly table. Picker requested 2021-09..2026-08; output starts at first rendered month or product launch.
Township,2023-01,8329388,n.a.,n.a.,33640704,n.a.,n.a.,n.a.,n.a.,n.a.,n.a.,n.a.,n.a.,n.a.,n.a.,n.a.,4.038796607866028,0.7290998203113949,0.8226905634524969,1.1283647870069833,0.814412131663538,Diandian product collection,Diandian product collection,verified_visible_table;same_scope,https://app.diandian.com/app/pn3qiru8j95ligy/googleplay-downloads | https://app.diandian.com/app/pn3qiru8j95ligy/googleplay-income,Diandian authenticated monthly table. Picker requested 2021-09..2026-08; output starts at first rendered month or product launch.
Township,2023-02,10012210,n.a.,n.a.,30850691,n.a.,n.a.,n.a.,n.a.,n.a.,n.a.,n.a.,n.a.,n.a.,n.a.,n.a.,3.0813068243674473,0.8764029856599249,0.7544602027855563,0.8608599184739807,0.8104725599718029,Diandian product collection,Diandian product collection,verified_visible_table;same_scope,https://app.diandian.com/app/pn3qiru8j95ligy/googleplay-downloads | https://app.diandian.com/app/pn3qiru8j95ligy/googleplay-income,Diandian authenticated monthly table. Picker requested 2021-09..2026-08; output starts at first rendered month or product launch.
Township,2023-03,6847090,n.a.,n.a.,33928723,n.a.,n.a.,n.a.,n.a.,n.a.,n.a.,n.a.,n.a.,n.a.,n.a.,n.a.,4.9552033053457745,0.599349206527052,0.8297341292885455,1.3843918040643888,0.8022949651755329,Diandian product collection,Diandian product collection,verified_visible_table;same_scope,https://app.diandian.com/app/pn3qiru8j95ligy/googleplay-downloads | https://app.diandian.com/app/pn3qiru8j95ligy/googleplay-income,Diandian authenticated monthly table. Picker requested 2021-09..2026-08; output starts at first rendered month or product launch.
Township,2023-04,4755923,n.a.,n.a.,32465475,n.a.,n.a.,n.a.,n.a.,n.a.,n.a.,n.a.,n.a.,n.a.,n.a.,n.a.,6.826324774391848,0.4163022066825114,0.793950088574334,1.9071484028424377,0.7927148068828119,Diandian product collection,Diandian product collection,verified_visible_table;same_scope,https://app.diandian.com/app/pn3qiru8j95ligy/googleplay-downloads | https://app.diandian.com/app/pn3qiru8j95ligy/googleplay-income,Diandian authenticated monthly table. Picker requested 2021-09..2026-08; output starts at first rendered month or product launch.
Township,2023-05,4895597,n.a.,n.a.,30243164,n.a.,n.a.,n.a.,n.a.,n.a.,n.a.,n.a.,n.a.,n.a.,n.a.,n.a.,6.177625323326246,0.4285283496238864,0.7396030009284666,1.7259138201185669,0.787762406263782,Diandian product collection,Diandian product collection,verified_visible_table;same_scope,https://app.diandian.com/app/pn3qiru8j95ligy/googleplay-downloads | https://app.diandian.com/app/pn3qiru8j95ligy/googleplay-income,Diandian authenticated monthly table. Picker requested 2021-09..2026-08; output starts at first rendered month or product launch.
Township,2023-06,4625997,n.a.,n.a.,31407155,n.a.,n.a.,n.a.,n.a.,n.a.,n.a.,n.a.,n.a.,n.a.,n.a.,n.a.,6.78927266922136,0.4049293395218294,0.7680686481290613,1.8967967325757469,0.7672072458772873,Diandian product collection,Diandian product collection,verified_visible_table;same_scope,https://app.diandian.com/app/pn3qiru8j95ligy/googleplay-downloads | https://app.diandian.com/app/pn3qiru8j95ligy/googleplay-income,Diandian authenticated monthly table. Picker requested 2021-09..2026-08; output starts at first rendered month or product launch.
Township,2023-07,3317619,n.a.,n.a.,29620694,n.a.,n.a.,n.a.,n.a.,n.a.,n.a.,n.a.,n.a.,n.a.,n.a.,n.a.,8.928298879407189,0.2904025381890806,0.7243803648316632,2.494400942046934,0.7440173379630637,Diandian product collection,Diandian product collection,verified_visible_table;same_scope,https://app.diandian.com/app/pn3qiru8j95ligy/googleplay-downloads | https://app.diandian.com/app/pn3qiru8j95ligy/googleplay-income,Diandian authenticated monthly table. Picker requested 2021-09..2026-08; output starts at first rendered month or product launch.
Township,2023-08,4111717,n.a.,n.a.,29222391,n.a.,n.a.,n.a.,n.a.,n.a.,n.a.,n.a.,n.a.,n.a.,n.a.,n.a.,7.107101729034367,0.3599126521505911,0.7146397803452381,1.985592270999758,0.7356962644353209,Diandian product collection,Diandian product collection,verified_visible_table;same_scope,https://app.diandian.com/app/pn3qiru8j95ligy/googleplay-downloads | https://app.diandian.com/app/pn3qiru8j95ligy/googleplay-income,Diandian authenticated monthly table. Picker requested 2021-09..2026-08; output starts at first rendered month or product launch.
Township,2023-09,5480736,n.a.,n.a.,29133376,n.a.,n.a.,n.a.,n.a.,n.a.,n.a.,n.a.,n.a.,n.a.,n.a.,n.a.,5.315595569646121,0.4797475676213178,0.712462899608565,1.485078711583876,0.7171610149284888,Diandian product collection,Diandian product collection,verified_visible_table;same_scope,https://app.diandian.com/app/pn3qiru8j95ligy/googleplay-downloads | https://app.diandian.com/app/pn3qiru8j95ligy/googleplay-income,Diandian authenticated monthly table. Picker requested 2021-09..2026-08; output starts at first rendered month or product launch.
Township,2023-10,4761477,n.a.,n.a.,29984754,n.a.,n.a.,n.a.,n.a.,n.a.,n.a.,n.a.,n.a.,n.a.,n.a.,n.a.,6.297364032211013,0.4167883672986346,0.7332835294779951,1.759366592284442,0.720128736477266,Diandian product collection,Diandian product collection,verified_visible_table;same_scope,https://app.diandian.com/app/pn3qiru8j95ligy/googleplay-downloads | https://app.diandian.com/app/pn3qiru8j95ligy/googleplay-income,Diandian authenticated monthly table. Picker requested 2021-09..2026-08; output starts at first rendered month or product launch.
Township,2023-11,6642899,n.a.,n.a.,28592720,n.a.,n.a.,n.a.,n.a.,n.a.,n.a.,n.a.,n.a.,n.a.,n.a.,n.a.,4.304253308683453,0.5814756699107719,0.6992410422635471,1.2025284606849438,0.7149958237833691,Diandian product collection,Diandian product collection,verified_visible_table;same_scope,https://app.diandian.com/app/pn3qiru8j95ligy/googleplay-downloads | https://app.diandian.com/app/pn3qiru8j95ligy/googleplay-income,Diandian authenticated monthly table. Picker requested 2021-09..2026-08; output starts at first rendered month or product launch.
Township,2023-12,6666742,n.a.,n.a.,31132418,n.a.,n.a.,n.a.,n.a.,n.a.,n.a.,n.a.,n.a.,n.a.,n.a.,n.a.,4.669809931147778,0.5835627292500276,0.7613498964248386,1.30465819399278,0.7312914893887936,Diandian product collection,Diandian product collection,verified_visible_table;same_scope,https://app.diandian.com/app/pn3qiru8j95ligy/googleplay-downloads | https://app.diandian.com/app/pn3qiru8j95ligy/googleplay-income,Diandian authenticated monthly table. Picker requested 2021-09..2026-08; output starts at first rendered month or product launch.
Township,2024-01,6527508,n.a.,n.a.,30808834,n.a.,n.a.,n.a.,n.a.,n.a.,n.a.,n.a.,n.a.,n.a.,n.a.,n.a.,4.719846226155525,0.571375101013567,0.7534365809578314,1.3186374058325327,0.7380091732154057,Diandian product collection,Diandian product collection,verified_visible_table;same_scope,https://app.diandian.com/app/pn3qiru8j95ligy/googleplay-downloads | https://app.diandian.com/app/pn3qiru8j95ligy/googleplay-income,Diandian authenticated monthly table. Picker requested 2021-09..2026-08; output starts at first rendered month or product launch.
Township,2024-02,6485167,n.a.,n.a.,26929041,n.a.,n.a.,n.a.,n.a.,n.a.,n.a.,n.a.,n.a.,n.a.,n.a.,n.a.,4.152405173220674,0.5676688484663445,0.6585554188617869,1.1601049108842034,0.7244472987481524,Diandian product collection,Diandian product collection,verified_visible_table;same_scope,https://app.diandian.com/app/pn3qiru8j95ligy/googleplay-downloads | https://app.diandian.com/app/pn3qiru8j95ligy/googleplay-income,Diandian authenticated monthly table. Picker requested 2021-09..2026-08; output starts at first rendered month or product launch.
Township,2024-03,8464944,n.a.,n.a.,30095052,n.a.,n.a.,n.a.,n.a.,n.a.,n.a.,n.a.,n.a.,n.a.,n.a.,n.a.,3.555257069627395,0.7409655006281398,0.7359808905013461,0.9932728175298741,0.7159909634403214,Diandian product collection,Diandian product collection,verified_visible_table;same_scope,https://app.diandian.com/app/pn3qiru8j95ligy/googleplay-downloads | https://app.diandian.com/app/pn3qiru8j95ligy/googleplay-income,Diandian authenticated monthly table. Picker requested 2021-09..2026-08; output starts at first rendered month or product launch.
Township,2024-04,7082111,n.a.,n.a.,27990666,n.a.,n.a.,n.a.,n.a.,n.a.,n.a.,n.a.,n.a.,n.a.,n.a.,n.a.,3.9523054637240222,0.6199213984899434,0.6845176837842231,1.1042007671482685,0.6930179977157853,Diandian product collection,Diandian product collection,verified_visible_table;same_scope,https://app.diandian.com/app/pn3qiru8j95ligy/googleplay-downloads | https://app.diandian.com/app/pn3qiru8j95ligy/googleplay-income,Diandian authenticated monthly table. Picker requested 2021-09..2026-08; output starts at first rendered month or product launch.
Township,2024-05,6992241,n.a.,n.a.,28947140,n.a.,n.a.,n.a.,n.a.,n.a.,n.a.,n.a.,n.a.,n.a.,n.a.,n.a.,4.139894491622929,0.6120547700111902,0.7079084586618137,1.156609658721998,0.709469010982461,Diandian product collection,Diandian product collection,verified_visible_table;same_scope,https://app.diandian.com/app/pn3qiru8j95ligy/googleplay-downloads | https://app.diandian.com/app/pn3qiru8j95ligy/googleplay-income,Diandian authenticated monthly table. Picker requested 2021-09..2026-08; output starts at first rendered month or product launch.
Township,2024-06,5798886,n.a.,n.a.,26908197,n.a.,n.a.,n.a.,n.a.,n.a.,n.a.,n.a.,n.a.,n.a.,n.a.,n.a.,4.640235555587745,0.5075963252769907,0.6580456744133769,1.2963956625459954,0.6834906056198046,Diandian product collection,Diandian product collection,verified_visible_table;same_scope,https://app.diandian.com/app/pn3qiru8j95ligy/googleplay-downloads | https://app.diandian.com/app/pn3qiru8j95ligy/googleplay-income,Diandian authenticated monthly table. Picker requested 2021-09..2026-08; output starts at first rendered month or product launch.
Township,2024-07,6886954,n.a.,n.a.,29525553,n.a.,n.a.,n.a.,n.a.,n.a.,n.a.,n.a.,n.a.,n.a.,n.a.,n.a.,4.2871715129794685,0.6028386387922909,0.7220536714634914,1.1977561241098154,0.6960026015128941,Diandian product collection,Diandian product collection,verified_visible_table;same_scope,https://app.diandian.com/app/pn3qiru8j95ligy/googleplay-downloads | https://app.diandian.com/app/pn3qiru8j95ligy/googleplay-income,Diandian authenticated monthly table. Picker requested 2021-09..2026-08; output starts at first rendered month or product launch.
Township,2024-08,7202411,n.a.,n.a.,30391890,n.a.,n.a.,n.a.,n.a.,n.a.,n.a.,n.a.,n.a.,n.a.,n.a.,n.a.,4.219682825653798,0.6304516689472041,0.7432401268560345,1.178901037881582,0.707779824244301,Diandian product collection,Diandian product collection,verified_visible_table;same_scope,https://app.diandian.com/app/pn3qiru8j95ligy/googleplay-downloads | https://app.diandian.com/app/pn3qiru8j95ligy/googleplay-income,Diandian authenticated monthly table. Picker requested 2021-09..2026-08; output starts at first rendered month or product launch.
Township,2024-09,7132313,n.a.,n.a.,31864354,n.a.,n.a.,n.a.,n.a.,n.a.,n.a.,n.a.,n.a.,n.a.,n.a.,n.a.,4.467604548482378,0.6243157512538288,0.7792495468082304,1.2481657642679114,0.7481811150425853,Diandian product collection,Diandian product collection,verified_visible_table;same_scope,https://app.diandian.com/app/pn3qiru8j95ligy/googleplay-downloads | https://app.diandian.com/app/pn3qiru8j95ligy/googleplay-income,Diandian authenticated monthly table. Picker requested 2021-09..2026-08; output starts at first rendered month or product launch.
Township,2024-10,6657993,n.a.,n.a.,31825913,n.a.,n.a.,n.a.,n.a.,n.a.,n.a.,n.a.,n.a.,n.a.,n.a.,n.a.,4.780106107050578,0.5827968993561742,0.7783094639862514,1.335472897755742,0.7669330458835054,Diandian product collection,Diandian product collection,verified_visible_table;same_scope,https://app.diandian.com/app/pn3qiru8j95ligy/googleplay-downloads | https://app.diandian.com/app/pn3qiru8j95ligy/googleplay-income,Diandian authenticated monthly table. Picker requested 2021-09..2026-08; output starts at first rendered month or product launch.
Township,2024-11,7867495,n.a.,n.a.,31416338,n.a.,n.a.,n.a.,n.a.,n.a.,n.a.,n.a.,n.a.,n.a.,n.a.,n.a.,3.993181819626196,0.6886687462273096,0.7682932203450347,1.1156208620674697,0.7752840770465056,Diandian product collection,Diandian product collection,verified_visible_table;same_scope,https://app.diandian.com/app/pn3qiru8j95ligy/googleplay-downloads | https://app.diandian.com/app/pn3qiru8j95ligy/googleplay-income,Diandian authenticated monthly table. Picker requested 2021-09..2026-08; output starts at first rendered month or product launch.
Township,2024-12,9483187,n.a.,n.a.,32978771,n.a.,n.a.,n.a.,n.a.,n.a.,n.a.,n.a.,n.a.,n.a.,n.a.,n.a.,3.477604206265257,0.8300957930737956,0.8065028513065857,0.9715780492274915,0.7843685118792907,Diandian product collection,Diandian product collection,verified_visible_table;same_scope,https://app.diandian.com/app/pn3qiru8j95ligy/googleplay-downloads | https://app.diandian.com/app/pn3qiru8j95ligy/googleplay-income,Diandian authenticated monthly table. Picker requested 2021-09..2026-08; output starts at first rendered month or product launch.
Township,2025-01,10582318,n.a.,n.a.,35094151,n.a.,n.a.,n.a.,n.a.,n.a.,n.a.,n.a.,n.a.,n.a.,n.a.,n.a.,3.316300927641751,0.9263064888174305,0.8582349186294379,0.9265129079740161,0.8110103300936862,Diandian product collection,Diandian product collection,verified_visible_table;same_scope,https://app.diandian.com/app/pn3qiru8j95ligy/googleplay-downloads | https://app.diandian.com/app/pn3qiru8j95ligy/googleplay-income,Diandian authenticated monthly table. Picker requested 2021-09..2026-08; output starts at first rendered month or product launch.
Township,2025-02,8360885,n.a.,n.a.,29787069,n.a.,n.a.,n.a.,n.a.,n.a.,n.a.,n.a.,n.a.,n.a.,n.a.,n.a.,3.5626693824876194,0.7318568604493195,0.7284491008038477,0.9953436801243079,0.7977289569132905,Diandian product collection,Diandian product collection,verified_visible_table;same_scope,https://app.diandian.com/app/pn3qiru8j95ligy/googleplay-downloads | https://app.diandian.com/app/pn3qiru8j95ligy/googleplay-income,Diandian authenticated monthly table. Picker requested 2021-09..2026-08; output starts at first rendered month or product launch.
Township,2025-03,8761201,n.a.,n.a.,33090923,n.a.,n.a.,n.a.,n.a.,n.a.,n.a.,n.a.,n.a.,n.a.,n.a.,n.a.,3.776984799230151,0.7668978891140638,0.809245552293828,1.055219428532637,0.7986431905757045,Diandian product collection,Diandian product collection,verified_visible_table;same_scope,https://app.diandian.com/app/pn3qiru8j95ligy/googleplay-downloads | https://app.diandian.com/app/pn3qiru8j95ligy/googleplay-income,Diandian authenticated monthly table. Picker requested 2021-09..2026-08; output starts at first rendered month or product launch.
Township,2025-04,7935025,n.a.,n.a.,32102203,n.a.,n.a.,n.a.,n.a.,n.a.,n.a.,n.a.,n.a.,n.a.,n.a.,n.a.,4.045633504620338,0.6945798780974576,0.7850661946354166,1.1302748890247332,0.7742536159110308,Diandian product collection,Diandian product collection,verified_visible_table;same_scope,https://app.diandian.com/app/pn3qiru8j95ligy/googleplay-downloads | https://app.diandian.com/app/pn3qiru8j95ligy/googleplay-income,Diandian authenticated monthly table. Picker requested 2021-09..2026-08; output starts at first rendered month or product launch.
Township,2025-05,6887372,n.a.,n.a.,30929208,n.a.,n.a.,n.a.,n.a.,n.a.,n.a.,n.a.,n.a.,n.a.,n.a.,n.a.,4.49071256787059,0.6028752277619596,0.7563803527018779,1.2546217158561515,0.7835640332103742,Diandian product collection,Diandian product collection,verified_visible_table;same_scope,https://app.diandian.com/app/pn3qiru8j95ligy/googleplay-downloads | https://app.diandian.com/app/pn3qiru8j95ligy/googleplay-income,Diandian authenticated monthly table. Picker requested 2021-09..2026-08; output starts at first rendered month or product launch.
Township,2025-06,5550059,n.a.,n.a.,29145466,n.a.,n.a.,n.a.,n.a.,n.a.,n.a.,n.a.,n.a.,n.a.,n.a.,n.a.,5.251379489839658,0.48581564691399176,0.7127585631271448,1.4671379311365218,0.7514017034881464,Diandian product collection,Diandian product collection,verified_visible_table;same_scope,https://app.diandian.com/app/pn3qiru8j95ligy/googleplay-downloads | https://app.diandian.com/app/pn3qiru8j95ligy/googleplay-income,Diandian authenticated monthly table. Picker requested 2021-09..2026-08; output starts at first rendered month or product launch.
Township,2025-07,6761491,n.a.,n.a.,31300233,n.a.,n.a.,n.a.,n.a.,n.a.,n.a.,n.a.,n.a.,n.a.,n.a.,n.a.,4.629190958029819,0.5918564332862287,0.7654538479029582,1.29331000704486,0.744864254577327,Diandian product collection,Diandian product collection,verified_visible_table;same_scope,https://app.diandian.com/app/pn3qiru8j95ligy/googleplay-downloads | https://app.diandian.com/app/pn3qiru8j95ligy/googleplay-income,Diandian authenticated monthly table. Picker requested 2021-09..2026-08; output starts at first rendered month or product launch.
Township,2025-08,7747363,n.a.,n.a.,31889431,n.a.,n.a.,n.a.,n.a.,n.a.,n.a.,n.a.,n.a.,n.a.,n.a.,n.a.,4.1161658489475705,0.6781531813846526,0.779862810170962,1.1499803165099642,0.752691740400355,Diandian product collection,Diandian product collection,verified_visible_table;same_scope,https://app.diandian.com/app/pn3qiru8j95ligy/googleplay-downloads | https://app.diandian.com/app/pn3qiru8j95ligy/googleplay-income,Diandian authenticated monthly table. Picker requested 2021-09..2026-08; output starts at first rendered month or product launch.
Township,2025-09,11248271,n.a.,n.a.,31095558,n.a.,n.a.,n.a.,n.a.,n.a.,n.a.,n.a.,n.a.,n.a.,n.a.,n.a.,2.7644744690095036,0.9845996326397418,0.760448477293751,0.7723428407696693,0.7685883784558903,Diandian product collection,Diandian product collection,verified_visible_table;same_scope,https://app.diandian.com/app/pn3qiru8j95ligy/googleplay-downloads | https://app.diandian.com/app/pn3qiru8j95ligy/googleplay-income,Diandian authenticated monthly table. Picker requested 2021-09..2026-08; output starts at first rendered month or product launch.
Township,2025-10,8762067,n.a.,n.a.,32083166,n.a.,n.a.,n.a.,n.a.,n.a.,n.a.,n.a.,n.a.,n.a.,n.a.,n.a.,3.661597885521761,0.7669736930560088,0.7846006407559126,1.022982467142607,0.7749706427402085,Diandian product collection,Diandian product collection,verified_visible_table;same_scope,https://app.diandian.com/app/pn3qiru8j95ligy/googleplay-downloads | https://app.diandian.com/app/pn3qiru8j95ligy/googleplay-income,Diandian authenticated monthly table. Picker requested 2021-09..2026-08; output starts at first rendered month or product launch.
Township,2025-11,8003731,n.a.,n.a.,32583986,n.a.,n.a.,n.a.,n.a.,n.a.,n.a.,n.a.,n.a.,n.a.,n.a.,n.a.,4.071099590928281,0.7005939492698312,0.796848300257577,1.1373896407299313,0.7806324727690801,Diandian product collection,Diandian product collection,verified_visible_table;same_scope,https://app.diandian.com/app/pn3qiru8j95ligy/googleplay-downloads | https://app.diandian.com/app/pn3qiru8j95ligy/googleplay-income,Diandian authenticated monthly table. Picker requested 2021-09..2026-08; output starts at first rendered month or product launch.
Township,2025-12,7278361,n.a.,n.a.,31704527,n.a.,n.a.,n.a.,n.a.,n.a.,n.a.,n.a.,n.a.,n.a.,n.a.,n.a.,4.35599814298851,0.63709983221594,0.7753409435672006,1.2169850066832302,0.7855966281935634,Diandian product collection,Diandian product collection,verified_visible_table;same_scope,https://app.diandian.com/app/pn3qiru8j95ligy/googleplay-downloads | https://app.diandian.com/app/pn3qiru8j95ligy/googleplay-income,Diandian authenticated monthly table. Picker requested 2021-09..2026-08; output starts at first rendered month or product launch.
Township,2026-01,11424208,n.a.,n.a.,34257048,n.a.,n.a.,n.a.,n.a.,n.a.,n.a.,n.a.,n.a.,n.a.,n.a.,n.a.,2.9986365794460323,1,0.8377633869178015,0.8377633869178015,0.8033175435808597,Diandian product collection,Diandian product collection,verified_visible_table;same_scope,https://app.diandian.com/app/pn3qiru8j95ligy/googleplay-downloads | https://app.diandian.com/app/pn3qiru8j95ligy/googleplay-income,Diandian authenticated monthly table. Picker requested 2021-09..2026-08; output starts at first rendered month or product launch.
Township,2026-02,8135022,n.a.,n.a.,31114745,n.a.,n.a.,n.a.,n.a.,n.a.,n.a.,n.a.,n.a.,n.a.,n.a.,n.a.,3.824789287601189,0.7120862995491679,0.7609176994551232,1.068575115034331,0.7913406766467084,Diandian product collection,Diandian product collection,verified_visible_table;same_scope,https://app.diandian.com/app/pn3qiru8j95ligy/googleplay-downloads | https://app.diandian.com/app/pn3qiru8j95ligy/googleplay-income,Diandian authenticated monthly table. Picker requested 2021-09..2026-08; output starts at first rendered month or product launch.
Township,2026-03,7239728,n.a.,n.a.,35228840,n.a.,n.a.,n.a.,n.a.,n.a.,n.a.,n.a.,n.a.,n.a.,n.a.,n.a.,4.866044691181768,0.6337181535910411,0.8615287667397763,1.3594825426063915,0.820069951037567,Diandian product collection,Diandian product collection,verified_visible_table;same_scope,https://app.diandian.com/app/pn3qiru8j95ligy/googleplay-downloads | https://app.diandian.com/app/pn3qiru8j95ligy/googleplay-income,Diandian authenticated monthly table. Picker requested 2021-09..2026-08; output starts at first rendered month or product launch.
Township,2026-04,7258796,n.a.,n.a.,33337814,n.a.,n.a.,n.a.,n.a.,n.a.,n.a.,n.a.,n.a.,n.a.,n.a.,n.a.,4.592747061633913,0.635387240848556,0.8152833241520314,1.283128259017643,0.8125765967823103,Diandian product collection,Diandian product collection,verified_visible_table;same_scope,https://app.diandian.com/app/pn3qiru8j95ligy/googleplay-downloads | https://app.diandian.com/app/pn3qiru8j95ligy/googleplay-income,Diandian authenticated monthly table. Picker requested 2021-09..2026-08; output starts at first rendered month or product launch.
Township,2026-05,8349229,n.a.,n.a.,35368927,n.a.,n.a.,n.a.,n.a.,n.a.,n.a.,n.a.,n.a.,n.a.,n.a.,n.a.,4.236190790790383,0.7308365709027707,0.8649546240869463,1.1835130568500498,0.8472555716595846,Diandian product collection,Diandian product collection,verified_visible_table;same_scope,https://app.diandian.com/app/pn3qiru8j95ligy/googleplay-downloads | https://app.diandian.com/app/pn3qiru8j95ligy/googleplay-income,Diandian authenticated monthly table. Picker requested 2021-09..2026-08; output starts at first rendered month or product launch.
Township,2026-06,7999268,n.a.,n.a.,36354118,n.a.,n.a.,n.a.,n.a.,n.a.,n.a.,n.a.,n.a.,n.a.,n.a.,n.a.,4.5446805882738275,0.7002032876152114,0.8890476793006044,1.2696993787740827,0.8564285425131941,Diandian product collection,Diandian product collection,verified_visible_table;same_scope,https://app.diandian.com/app/pn3qiru8j95ligy/googleplay-downloads | https://app.diandian.com/app/pn3qiru8j95ligy/googleplay-income,Diandian authenticated monthly table. Picker requested 2021-09..2026-08; output starts at first rendered month or product launch.
Township,2026-07,11345540,n.a.,n.a.,39584728,n.a.,n.a.,n.a.,n.a.,n.a.,n.a.,n.a.,n.a.,n.a.,n.a.,n.a.,3.4890122462218636,0.9931139208949977,0.9680529332095378,0.9747652437870623,0.9073517455323629,Diandian product collection,Diandian product collection,verified_visible_table;same_scope,https://app.diandian.com/app/pn3qiru8j95ligy/googleplay-downloads | https://app.diandian.com/app/pn3qiru8j95ligy/googleplay-income,Diandian authenticated monthly table. Picker requested 2021-09..2026-08; output starts at first rendered month or product launch.
Township,2026-08,8292473,n.a.,n.a.,40891078,n.a.,n.a.,n.a.,n.a.,n.a.,4.7,12897000,39.0.3,n.a.,n.a.,n.a.,4.931107764836859,0.7258685241025024,1,1.377659957409569,0.952366870836714,Diandian product collection,Diandian product collection,verified_visible_table;same_scope,https://app.diandian.com/app/pn3qiru8j95ligy/googleplay-downloads | https://app.diandian.com/app/pn3qiru8j95ligy/googleplay-income,Diandian authenticated monthly table. Picker requested 2021-09..2026-08; output starts at first rendered month or product launch.
Hay Day,2021-09,2549825,n.a.,n.a.,9424556,n.a.,n.a.,n.a.,n.a.,n.a.,n.a.,n.a.,n.a.,n.a.,n.a.,n.a.,3.6961579716255035,0.4557263623981002,0.6265263199321073,1.374786213014389,n.a.,Diandian product collection,Diandian product collection,verified_visible_table;same_scope,https://app.diandian.com/app/ky58i5u6ekqvb7y/googleplay-downloads | https://app.diandian.com/app/ky58i5u6ekqvb7y/googleplay-income,Diandian authenticated monthly table. Picker requested 2021-09..2026-08; output starts at first rendered month or product launch.
Hay Day,2021-10,2576095,n.a.,n.a.,9875671,n.a.,n.a.,n.a.,n.a.,n.a.,n.a.,n.a.,n.a.,n.a.,n.a.,n.a.,3.833581836073592,0.4604215597313282,0.6565155757459804,1.4259010288942155,n.a.,Diandian product collection,Diandian product collection,verified_visible_table;same_scope,https://app.diandian.com/app/ky58i5u6ekqvb7y/googleplay-downloads | https://app.diandian.com/app/ky58i5u6ekqvb7y/googleplay-income,Diandian authenticated monthly table. Picker requested 2021-09..2026-08; output starts at first rendered month or product launch.
Hay Day,2021-11,2232400,n.a.,n.a.,10009894,n.a.,n.a.,n.a.,n.a.,n.a.,n.a.,n.a.,n.a.,n.a.,n.a.,n.a.,4.483915964880846,0.39899347265695445,0.6654384621122185,1.6677928530533817,0.6494934525967687,Diandian product collection,Diandian product collection,verified_visible_table;same_scope,https://app.diandian.com/app/ky58i5u6ekqvb7y/googleplay-downloads | https://app.diandian.com/app/ky58i5u6ekqvb7y/googleplay-income,Diandian authenticated monthly table. Picker requested 2021-09..2026-08; output starts at first rendered month or product launch.
Hay Day,2021-12,2393749,n.a.,n.a.,10864964,n.a.,n.a.,n.a.,n.a.,n.a.,n.a.,n.a.,n.a.,n.a.,n.a.,n.a.,4.538890251233525,0.4278311351814693,0.7222818678264342,1.6882405426619322,0.6814119685615444,Diandian product collection,Diandian product collection,verified_visible_table;same_scope,https://app.diandian.com/app/ky58i5u6ekqvb7y/googleplay-downloads | https://app.diandian.com/app/ky58i5u6ekqvb7y/googleplay-income,Diandian authenticated monthly table. Picker requested 2021-09..2026-08; output starts at first rendered month or product launch.
Hay Day,2022-01,3114011,n.a.,n.a.,10499607,n.a.,n.a.,n.a.,n.a.,n.a.,n.a.,n.a.,n.a.,n.a.,n.a.,n.a.,3.3717308641491632,0.5565624721295267,0.6979936385802571,1.2541155279650542,0.6952379895063032,Diandian product collection,Diandian product collection,verified_visible_table;same_scope,https://app.diandian.com/app/ky58i5u6ekqvb7y/googleplay-downloads | https://app.diandian.com/app/ky58i5u6ekqvb7y/googleplay-income,Diandian authenticated monthly table. Picker requested 2021-09..2026-08; output starts at first rendered month or product launch.
Hay Day,2022-02,3811036,n.a.,n.a.,10123275,n.a.,n.a.,n.a.,n.a.,n.a.,n.a.,n.a.,n.a.,n.a.,n.a.,n.a.,2.656305267124215,0.6811406952430877,0.6729758124850341,0.9880129277033731,0.6977504396305751,Diandian product collection,Diandian product collection,verified_visible_table;same_scope,https://app.diandian.com/app/ky58i5u6ekqvb7y/googleplay-downloads | https://app.diandian.com/app/ky58i5u6ekqvb7y/googleplay-income,Diandian authenticated monthly table. Picker requested 2021-09..2026-08; output starts at first rendered month or product launch.
Hay Day,2022-03,3885059,n.a.,n.a.,11222509,n.a.,n.a.,n.a.,n.a.,n.a.,n.a.,n.a.,n.a.,n.a.,n.a.,n.a.,2.8886328367213987,0.6943707139791949,0.7460507703678511,1.0744271832728887,0.7056734071443808,Diandian product collection,Diandian product collection,verified_visible_table;same_scope,https://app.diandian.com/app/ky58i5u6ekqvb7y/googleplay-downloads | https://app.diandian.com/app/ky58i5u6ekqvb7y/googleplay-income,Diandian authenticated monthly table. Picker requested 2021-09..2026-08; output starts at first rendered month or product launch.
Hay Day,2022-04,3008110,n.a.,n.a.,10677481,n.a.,n.a.,n.a.,n.a.,n.a.,n.a.,n.a.,n.a.,n.a.,n.a.,n.a.,3.5495646768236533,0.5376349467094209,0.7098183593025493,1.3202608268807152,0.7096149807184782,Diandian product collection,Diandian product collection,verified_visible_table;same_scope,https://app.diandian.com/app/ky58i5u6ekqvb7y/googleplay-downloads | https://app.diandian.com/app/ky58i5u6ekqvb7y/googleplay-income,Diandian authenticated monthly table. Picker requested 2021-09..2026-08; output starts at first rendered month or product launch.
Hay Day,2022-05,2426397,n.a.,n.a.,10113186,n.a.,n.a.,n.a.,n.a.,n.a.,n.a.,n.a.,n.a.,n.a.,n.a.,n.a.,4.1679848763413405,0.433666262799864,0.6723051152084946,1.5502822628348238,0.7093914149596315,Diandian product collection,Diandian product collection,verified_visible_table;same_scope,https://app.diandian.com/app/ky58i5u6ekqvb7y/googleplay-downloads | https://app.diandian.com/app/ky58i5u6ekqvb7y/googleplay-income,Diandian authenticated monthly table. Picker requested 2021-09..2026-08; output starts at first rendered month or product launch.
Hay Day,2022-06,2301427,n.a.,n.a.,10753689,n.a.,n.a.,n.a.,n.a.,n.a.,n.a.,n.a.,n.a.,n.a.,n.a.,n.a.,4.672617901849591,0.41133056387586303,0.714884520274948,1.7379805515514661,0.6990026649286639,Diandian product collection,Diandian product collection,verified_visible_table;same_scope,https://app.diandian.com/app/ky58i5u6ekqvb7y/googleplay-downloads | https://app.diandian.com/app/ky58i5u6ekqvb7y/googleplay-income,Diandian authenticated monthly table. Picker requested 2021-09..2026-08; output starts at first rendered month or product launch.
Hay Day,2022-07,2369719,n.a.,n.a.,9685699,n.a.,n.a.,n.a.,n.a.,n.a.,n.a.,n.a.,n.a.,n.a.,n.a.,n.a.,4.087277436691861,0.4235362896573936,0.6438866032988813,1.5202631250789234,0.6770254129274413,Diandian product collection,Diandian product collection,verified_visible_table;same_scope,https://app.diandian.com/app/ky58i5u6ekqvb7y/googleplay-downloads | https://app.diandian.com/app/ky58i5u6ekqvb7y/googleplay-income,Diandian authenticated monthly table. Picker requested 2021-09..2026-08; output starts at first rendered month or product launch.
Hay Day,2022-08,2767705,n.a.,n.a.,10047139,n.a.,n.a.,n.a.,n.a.,n.a.,n.a.,n.a.,n.a.,n.a.,n.a.,n.a.,3.6301336305711773,0.4946677249776098,0.6679144379338775,1.3502284547958114,0.6755618538359022,Diandian product collection,Diandian product collection,verified_visible_table;same_scope,https://app.diandian.com/app/ky58i5u6ekqvb7y/googleplay-downloads | https://app.diandian.com/app/ky58i5u6ekqvb7y/googleplay-income,Diandian authenticated monthly table. Picker requested 2021-09..2026-08; output starts at first rendered month or product launch.
Hay Day,2022-09,2179552,n.a.,n.a.,8925261,n.a.,n.a.,n.a.,n.a.,n.a.,n.a.,n.a.,n.a.,n.a.,n.a.,n.a.,4.094997962884116,0.38954802961674,0.5933341505704417,1.5231347753297542,0.6350450639344001,Diandian product collection,Diandian product collection,verified_visible_table;same_scope,https://app.diandian.com/app/ky58i5u6ekqvb7y/googleplay-downloads | https://app.diandian.com/app/ky58i5u6ekqvb7y/googleplay-income,Diandian authenticated monthly table. Picker requested 2021-09..2026-08; output starts at first rendered month or product launch.
Hay Day,2022-10,2255382,n.a.,n.a.,9253488,n.a.,n.a.,n.a.,n.a.,n.a.,n.a.,n.a.,n.a.,n.a.,n.a.,n.a.,4.102847322537823,0.40310101072746246,0.6151540489733326,1.526054345195477,0.6254675458258839,Diandian product collection,Diandian product collection,verified_visible_table;same_scope,https://app.diandian.com/app/ky58i5u6ekqvb7y/googleplay-downloads | https://app.diandian.com/app/ky58i5u6ekqvb7y/googleplay-income,Diandian authenticated monthly table. Picker requested 2021-09..2026-08; output starts at first rendered month or product launch.
Hay Day,2022-11,1932665,n.a.,n.a.,8911429,n.a.,n.a.,n.a.,n.a.,n.a.,n.a.,n.a.,n.a.,n.a.,n.a.,n.a.,4.610953786610716,0.3454222898371944,0.5924146258673892,1.715044579626312,0.6003009418037212,Diandian product collection,Diandian product collection,verified_visible_table;same_scope,https://app.diandian.com/app/ky58i5u6ekqvb7y/googleplay-downloads | https://app.diandian.com/app/ky58i5u6ekqvb7y/googleplay-income,Diandian authenticated monthly table. Picker requested 2021-09..2026-08; output starts at first rendered month or product launch.
Hay Day,2022-12,2221075,n.a.,n.a.,10603096,n.a.,n.a.,n.a.,n.a.,n.a.,n.a.,n.a.,n.a.,n.a.,n.a.,n.a.,4.7738577040397105,0.39696937255041437,0.7048733878568759,1.7756367029734978,0.6374806875658658,Diandian product collection,Diandian product collection,verified_visible_table;same_scope,https://app.diandian.com/app/ky58i5u6ekqvb7y/googleplay-downloads | https://app.diandian.com/app/ky58i5u6ekqvb7y/googleplay-income,Diandian authenticated monthly table. Picker requested 2021-09..2026-08; output starts at first rendered month or product launch.
Hay Day,2023-01,4692633,n.a.,n.a.,9743014,n.a.,n.a.,n.a.,n.a.,n.a.,n.a.,n.a.,n.a.,n.a.,n.a.,n.a.,2.0762360917634086,0.8387071925168528,0.6476967940417565,0.7722561578351337,0.6483282692553406,Diandian product collection,Diandian product collection,verified_visible_table;same_scope,https://app.diandian.com/app/ky58i5u6ekqvb7y/googleplay-downloads | https://app.diandian.com/app/ky58i5u6ekqvb7y/googleplay-income,Diandian authenticated monthly table. Picker requested 2021-09..2026-08; output starts at first rendered month or product launch.
Hay Day,2023-02,5595079,n.a.,n.a.,9806984,n.a.,n.a.,n.a.,n.a.,n.a.,n.a.,n.a.,n.a.,n.a.,n.a.,n.a.,1.7527874047891012,1,0.6519493963591555,0.6519493963591555,0.668173192752596,Diandian product collection,Diandian product collection,verified_visible_table;same_scope,https://app.diandian.com/app/ky58i5u6ekqvb7y/googleplay-downloads | https://app.diandian.com/app/ky58i5u6ekqvb7y/googleplay-income,Diandian authenticated monthly table. Picker requested 2021-09..2026-08; output starts at first rendered month or product launch.
Hay Day,2023-03,4371343,n.a.,n.a.,10840337,n.a.,n.a.,n.a.,n.a.,n.a.,n.a.,n.a.,n.a.,n.a.,n.a.,n.a.,2.479864197341641,0.7812835171764331,0.7206447123274412,0.9223856596026226,0.673430300909451,Diandian product collection,Diandian product collection,verified_visible_table;same_scope,https://app.diandian.com/app/ky58i5u6ekqvb7y/googleplay-downloads | https://app.diandian.com/app/ky58i5u6ekqvb7y/googleplay-income,Diandian authenticated monthly table. Picker requested 2021-09..2026-08; output starts at first rendered month or product launch.
Hay Day,2023-04,4122161,n.a.,n.a.,10489357,n.a.,n.a.,n.a.,n.a.,n.a.,n.a.,n.a.,n.a.,n.a.,n.a.,n.a.,2.544625743633012,0.7367475955209927,0.6973122383339957,0.9464737212218383,0.6899687823401974,Diandian product collection,Diandian product collection,verified_visible_table;same_scope,https://app.diandian.com/app/ky58i5u6ekqvb7y/googleplay-downloads | https://app.diandian.com/app/ky58i5u6ekqvb7y/googleplay-income,Diandian authenticated monthly table. Picker requested 2021-09..2026-08; output starts at first rendered month or product launch.
Hay Day,2023-05,3382663,n.a.,n.a.,9393943,n.a.,n.a.,n.a.,n.a.,n.a.,n.a.,n.a.,n.a.,n.a.,n.a.,n.a.,2.777085095381952,0.6045782374118399,0.6244912266892976,1.0329369931718082,0.6808160591169116,Diandian product collection,Diandian product collection,verified_visible_table;same_scope,https://app.diandian.com/app/ky58i5u6ekqvb7y/googleplay-downloads | https://app.diandian.com/app/ky58i5u6ekqvb7y/googleplay-income,Diandian authenticated monthly table. Picker requested 2021-09..2026-08; output starts at first rendered month or product launch.
Hay Day,2023-06,2254648,n.a.,n.a.,9595079,n.a.,n.a.,n.a.,n.a.,n.a.,n.a.,n.a.,n.a.,n.a.,n.a.,n.a.,4.255688249340917,0.4029698240185706,0.6378623603412027,1.5829035384838324,0.6532219417881654,Diandian product collection,Diandian product collection,verified_visible_table;same_scope,https://app.diandian.com/app/ky58i5u6ekqvb7y/googleplay-downloads | https://app.diandian.com/app/ky58i5u6ekqvb7y/googleplay-income,Diandian authenticated monthly table. Picker requested 2021-09..2026-08; output starts at first rendered month or product launch.
Hay Day,2023-07,2040062,n.a.,n.a.,7872935,n.a.,n.a.,n.a.,n.a.,n.a.,n.a.,n.a.,n.a.,n.a.,n.a.,n.a.,3.8591645744099936,0.36461719307269835,0.523377546126808,1.4354165301866486,0.595243711052436,Diandian product collection,Diandian product collection,verified_visible_table;same_scope,https://app.diandian.com/app/ky58i5u6ekqvb7y/googleplay-downloads | https://app.diandian.com/app/ky58i5u6ekqvb7y/googleplay-income,Diandian authenticated monthly table. Picker requested 2021-09..2026-08; output starts at first rendered month or product launch.
Hay Day,2023-08,1895444,n.a.,n.a.,8077737,n.a.,n.a.,n.a.,n.a.,n.a.,n.a.,n.a.,n.a.,n.a.,n.a.,n.a.,4.2616595372904715,0.33876983685127593,0.5369923883936198,1.5851245594493881,0.5660774316205436,Diandian product collection,Diandian product collection,verified_visible_table;same_scope,https://app.diandian.com/app/ky58i5u6ekqvb7y/googleplay-downloads | https://app.diandian.com/app/ky58i5u6ekqvb7y/googleplay-income,Diandian authenticated monthly table. Picker requested 2021-09..2026-08; output starts at first rendered month or product launch.
Hay Day,2023-09,2364762,n.a.,n.a.,8378192,n.a.,n.a.,n.a.,n.a.,n.a.,n.a.,n.a.,n.a.,n.a.,n.a.,n.a.,3.542932438866998,0.4226503325511579,0.5569660577585429,1.3177939655143351,0.5391119974263235,Diandian product collection,Diandian product collection,verified_visible_table;same_scope,https://app.diandian.com/app/ky58i5u6ekqvb7y/googleplay-downloads | https://app.diandian.com/app/ky58i5u6ekqvb7y/googleplay-income,Diandian authenticated monthly table. Picker requested 2021-09..2026-08; output starts at first rendered month or product launch.
Hay Day,2023-10,2593182,n.a.,n.a.,8862119,n.a.,n.a.,n.a.,n.a.,n.a.,n.a.,n.a.,n.a.,n.a.,n.a.,n.a.,3.4174689628417907,0.463475493375518,0.589136592097326,1.2711278169350686,0.5610316794164963,Diandian product collection,Diandian product collection,verified_visible_table;same_scope,https://app.diandian.com/app/ky58i5u6ekqvb7y/googleplay-downloads | https://app.diandian.com/app/ky58i5u6ekqvb7y/googleplay-income,Diandian authenticated monthly table. Picker requested 2021-09..2026-08; output starts at first rendered month or product launch.
Hay Day,2023-11,2530488,n.a.,n.a.,8582731,n.a.,n.a.,n.a.,n.a.,n.a.,n.a.,n.a.,n.a.,n.a.,n.a.,n.a.,3.3917295794329,0.4522702896598958,0.5705634162922067,1.261554051497096,0.5722220220493585,Diandian product collection,Diandian product collection,verified_visible_table;same_scope,https://app.diandian.com/app/ky58i5u6ekqvb7y/googleplay-downloads | https://app.diandian.com/app/ky58i5u6ekqvb7y/googleplay-income,Diandian authenticated monthly table. Picker requested 2021-09..2026-08; output starts at first rendered month or product launch.
Hay Day,2023-12,3442154,n.a.,n.a.,9815348,n.a.,n.a.,n.a.,n.a.,n.a.,n.a.,n.a.,n.a.,n.a.,n.a.,n.a.,2.851513325667591,0.6152109737860717,0.6525054189601048,1.0606205785708263,0.6040684757832124,Diandian product collection,Diandian product collection,verified_visible_table;same_scope,https://app.diandian.com/app/ky58i5u6ekqvb7y/googleplay-downloads | https://app.diandian.com/app/ky58i5u6ekqvb7y/googleplay-income,Diandian authenticated monthly table. Picker requested 2021-09..2026-08; output starts at first rendered month or product launch.
Hay Day,2024-01,2704985,n.a.,n.a.,9321526,n.a.,n.a.,n.a.,n.a.,n.a.,n.a.,n.a.,n.a.,n.a.,n.a.,n.a.,3.446054599193711,0.48345787432134557,0.6196770840909064,1.281760246351926,0.6142486397810727,Diandian product collection,Diandian product collection,verified_visible_table;same_scope,https://app.diandian.com/app/ky58i5u6ekqvb7y/googleplay-downloads | https://app.diandian.com/app/ky58i5u6ekqvb7y/googleplay-income,Diandian authenticated monthly table. Picker requested 2021-09..2026-08; output starts at first rendered month or product launch.
Hay Day,2024-02,2745546,n.a.,n.a.,9633319,n.a.,n.a.,n.a.,n.a.,n.a.,n.a.,n.a.,n.a.,n.a.,n.a.,n.a.,3.508707921848696,0.490707280451268,0.6404044818453036,1.305064154043873,0.6375289949654384,Diandian product collection,Diandian product collection,verified_visible_table;same_scope,https://app.diandian.com/app/ky58i5u6ekqvb7y/googleplay-downloads | https://app.diandian.com/app/ky58i5u6ekqvb7y/googleplay-income,Diandian authenticated monthly table. Picker requested 2021-09..2026-08; output starts at first rendered month or product launch.
Hay Day,2024-03,2865231,n.a.,n.a.,9840228,n.a.,n.a.,n.a.,n.a.,n.a.,n.a.,n.a.,n.a.,n.a.,n.a.,n.a.,3.4343576486503182,0.5120983993255502,0.6541593934115177,1.2774095647888497,0.6380803197825758,Diandian product collection,Diandian product collection,verified_visible_table;same_scope,https://app.diandian.com/app/ky58i5u6ekqvb7y/googleplay-downloads | https://app.diandian.com/app/ky58i5u6ekqvb7y/googleplay-income,Diandian authenticated monthly table. Picker requested 2021-09..2026-08; output starts at first rendered month or product launch.
Hay Day,2024-04,2650172,n.a.,n.a.,9312795,n.a.,n.a.,n.a.,n.a.,n.a.,n.a.,n.a.,n.a.,n.a.,n.a.,n.a.,3.5140341834416784,0.47366122980569175,0.6190966640372373,1.3070452574115194,0.637886846431353,Diandian product collection,Diandian product collection,verified_visible_table;same_scope,https://app.diandian.com/app/ky58i5u6ekqvb7y/googleplay-downloads | https://app.diandian.com/app/ky58i5u6ekqvb7y/googleplay-income,Diandian authenticated monthly table. Picker requested 2021-09..2026-08; output starts at first rendered month or product launch.
Hay Day,2024-05,3685784,n.a.,n.a.,9614321,n.a.,n.a.,n.a.,n.a.,n.a.,n.a.,n.a.,n.a.,n.a.,n.a.,n.a.,2.6084873665955466,0.6587545948859703,0.6391415314181355,0.9702270562966929,0.6374658629556301,Diandian product collection,Diandian product collection,verified_visible_table;same_scope,https://app.diandian.com/app/ky58i5u6ekqvb7y/googleplay-downloads | https://app.diandian.com/app/ky58i5u6ekqvb7y/googleplay-income,Diandian authenticated monthly table. Picker requested 2021-09..2026-08; output starts at first rendered month or product launch.
Hay Day,2024-06,3913298,n.a.,n.a.,10110224,n.a.,n.a.,n.a.,n.a.,n.a.,n.a.,n.a.,n.a.,n.a.,n.a.,n.a.,2.583555865155171,0.6994178277018073,0.6721082071568432,0.9609537826127483,0.6434488008707387,Diandian product collection,Diandian product collection,verified_visible_table;same_scope,https://app.diandian.com/app/ky58i5u6ekqvb7y/googleplay-downloads | https://app.diandian.com/app/ky58i5u6ekqvb7y/googleplay-income,Diandian authenticated monthly table. Picker requested 2021-09..2026-08; output starts at first rendered month or product launch.
Hay Day,2024-07,3247234,n.a.,n.a.,9989269,n.a.,n.a.,n.a.,n.a.,n.a.,n.a.,n.a.,n.a.,n.a.,n.a.,n.a.,3.076239347087398,0.580373217250373,0.664067351860595,1.1442074377703688,0.6584390301451911,Diandian product collection,Diandian product collection,verified_visible_table;same_scope,https://app.diandian.com/app/ky58i5u6ekqvb7y/googleplay-downloads | https://app.diandian.com/app/ky58i5u6ekqvb7y/googleplay-income,Diandian authenticated monthly table. Picker requested 2021-09..2026-08; output starts at first rendered month or product launch.
Hay Day,2024-08,2611092,n.a.,n.a.,9409956,n.a.,n.a.,n.a.,n.a.,n.a.,n.a.,n.a.,n.a.,n.a.,n.a.,n.a.,3.603839313206888,0.4666765205638741,0.6255557400691398,1.340448281634773,0.6539104330288593,Diandian product collection,Diandian product collection,verified_visible_table;same_scope,https://app.diandian.com/app/ky58i5u6ekqvb7y/googleplay-downloads | https://app.diandian.com/app/ky58i5u6ekqvb7y/googleplay-income,Diandian authenticated monthly table. Picker requested 2021-09..2026-08; output starts at first rendered month or product launch.
Hay Day,2024-09,2368560,n.a.,n.a.,9465339,n.a.,n.a.,n.a.,n.a.,n.a.,n.a.,n.a.,n.a.,n.a.,n.a.,n.a.,3.9962420204681326,0.4233291433418545,0.6292374951753539,1.4864024957223898,0.6396201957016963,Diandian product collection,Diandian product collection,verified_visible_table;same_scope,https://app.diandian.com/app/ky58i5u6ekqvb7y/googleplay-downloads | https://app.diandian.com/app/ky58i5u6ekqvb7y/googleplay-income,Diandian authenticated monthly table. Picker requested 2021-09..2026-08; output starts at first rendered month or product launch.
Hay Day,2024-10,2143209,n.a.,n.a.,9787419,n.a.,n.a.,n.a.,n.a.,n.a.,n.a.,n.a.,n.a.,n.a.,n.a.,n.a.,4.566712345832814,0.38305250024173026,0.6506487528647064,1.6985889726711247,0.6351473293697334,Diandian product collection,Diandian product collection,verified_visible_table;same_scope,https://app.diandian.com/app/ky58i5u6ekqvb7y/googleplay-downloads | https://app.diandian.com/app/ky58i5u6ekqvb7y/googleplay-income,Diandian authenticated monthly table. Picker requested 2021-09..2026-08; output starts at first rendered month or product launch.
Hay Day,2024-11,2485665,n.a.,n.a.,8958311,n.a.,n.a.,n.a.,n.a.,n.a.,n.a.,n.a.,n.a.,n.a.,n.a.,n.a.,3.60398967680681,0.44425914272166667,0.5955312508766796,1.3405042093861568,0.6251391663055799,Diandian product collection,Diandian product collection,verified_visible_table;same_scope,https://app.diandian.com/app/ky58i5u6ekqvb7y/googleplay-downloads | https://app.diandian.com/app/ky58i5u6ekqvb7y/googleplay-income,Diandian authenticated monthly table. Picker requested 2021-09..2026-08; output starts at first rendered month or product launch.
Hay Day,2024-12,2447608,n.a.,n.a.,9961171,n.a.,n.a.,n.a.,n.a.,n.a.,n.a.,n.a.,n.a.,n.a.,n.a.,n.a.,4.069757493847054,0.43745727272126095,0.6621994509708923,1.513746581126867,0.6361264849040927,Diandian product collection,Diandian product collection,verified_visible_table;same_scope,https://app.diandian.com/app/ky58i5u6ekqvb7y/googleplay-downloads | https://app.diandian.com/app/ky58i5u6ekqvb7y/googleplay-income,Diandian authenticated monthly table. Picker requested 2021-09..2026-08; output starts at first rendered month or product launch.
Hay Day,2025-01,2560450,n.a.,n.a.,9434455,n.a.,n.a.,n.a.,n.a.,n.a.,n.a.,n.a.,n.a.,n.a.,n.a.,n.a.,3.684686285613857,0.45762535256428016,0.6271843863748138,1.3705193186094657,0.6283050294074619,Diandian product collection,Diandian product collection,verified_visible_table;same_scope,https://app.diandian.com/app/ky58i5u6ekqvb7y/googleplay-downloads | https://app.diandian.com/app/ky58i5u6ekqvb7y/googleplay-income,Diandian authenticated monthly table. Picker requested 2021-09..2026-08; output starts at first rendered month or product launch.
Hay Day,2025-02,2607130,n.a.,n.a.,10111026,n.a.,n.a.,n.a.,n.a.,n.a.,n.a.,n.a.,n.a.,n.a.,n.a.,n.a.,3.878220878897485,0.46596839830143594,0.6721615225712336,1.4425045239578906,0.6538484533056466,Diandian product collection,Diandian product collection,verified_visible_table;same_scope,https://app.diandian.com/app/ky58i5u6ekqvb7y/googleplay-downloads | https://app.diandian.com/app/ky58i5u6ekqvb7y/googleplay-income,Diandian authenticated monthly table. Picker requested 2021-09..2026-08; output starts at first rendered month or product launch.
Hay Day,2025-03,2674428,n.a.,n.a.,11026008,n.a.,n.a.,n.a.,n.a.,n.a.,n.a.,n.a.,n.a.,n.a.,n.a.,n.a.,4.122753725282565,0.47799646796765516,0.7329877625834017,1.5334585330722594,0.6774445571764831,Diandian product collection,Diandian product collection,verified_visible_table;same_scope,https://app.diandian.com/app/ky58i5u6ekqvb7y/googleplay-downloads | https://app.diandian.com/app/ky58i5u6ekqvb7y/googleplay-income,Diandian authenticated monthly table. Picker requested 2021-09..2026-08; output starts at first rendered month or product launch.
Hay Day,2025-04,2457184,n.a.,n.a.,11272195,n.a.,n.a.,n.a.,n.a.,n.a.,n.a.,n.a.,n.a.,n.a.,n.a.,n.a.,4.587444407907588,0.439168776705387,0.7493537998932894,1.70630026459278,0.718167695015975,Diandian product collection,Diandian product collection,verified_visible_table;same_scope,https://app.diandian.com/app/ky58i5u6ekqvb7y/googleplay-downloads | https://app.diandian.com/app/ky58i5u6ekqvb7y/googleplay-income,Diandian authenticated monthly table. Picker requested 2021-09..2026-08; output starts at first rendered month or product launch.
Hay Day,2025-05,2338938,n.a.,n.a.,11204080,n.a.,n.a.,n.a.,n.a.,n.a.,n.a.,n.a.,n.a.,n.a.,n.a.,n.a.,4.790242409161765,0.4180348481227879,0.7448256459641096,1.7817309951761118,0.7423890694802668,Diandian product collection,Diandian product collection,verified_visible_table;same_scope,https://app.diandian.com/app/ky58i5u6ekqvb7y/googleplay-downloads | https://app.diandian.com/app/ky58i5u6ekqvb7y/googleplay-income,Diandian authenticated monthly table. Picker requested 2021-09..2026-08; output starts at first rendered month or product launch.
Hay Day,2025-06,2478414,n.a.,n.a.,11315197,n.a.,n.a.,n.a.,n.a.,n.a.,n.a.,n.a.,n.a.,n.a.,n.a.,n.a.,4.565499145824709,0.44296318246802235,0.7522124899800925,1.6981377228442567,0.7487973119458304,Diandian product collection,Diandian product collection,verified_visible_table;same_scope,https://app.diandian.com/app/ky58i5u6ekqvb7y/googleplay-downloads | https://app.diandian.com/app/ky58i5u6ekqvb7y/googleplay-income,Diandian authenticated monthly table. Picker requested 2021-09..2026-08; output starts at first rendered month or product launch.
Hay Day,2025-07,2369914,n.a.,n.a.,11071659,n.a.,n.a.,n.a.,n.a.,n.a.,n.a.,n.a.,n.a.,n.a.,n.a.,n.a.,4.67175559957028,0.42357114171220817,0.7360225530850679,1.737659818159076,0.7443535630097566,Diandian product collection,Diandian product collection,verified_visible_table;same_scope,https://app.diandian.com/app/ky58i5u6ekqvb7y/googleplay-downloads | https://app.diandian.com/app/ky58i5u6ekqvb7y/googleplay-income,Diandian authenticated monthly table. Picker requested 2021-09..2026-08; output starts at first rendered month or product launch.
Hay Day,2025-08,2377555,n.a.,n.a.,11248776,n.a.,n.a.,n.a.,n.a.,n.a.,n.a.,n.a.,n.a.,n.a.,n.a.,n.a.,4.7312369219639505,0.4249368060754817,0.747796949906246,1.7597839001345874,0.7453439976571354,Diandian product collection,Diandian product collection,verified_visible_table;same_scope,https://app.diandian.com/app/ky58i5u6ekqvb7y/googleplay-downloads | https://app.diandian.com/app/ky58i5u6ekqvb7y/googleplay-income,Diandian authenticated monthly table. Picker requested 2021-09..2026-08; output starts at first rendered month or product launch.
Hay Day,2025-09,2073052,n.a.,n.a.,11100477,n.a.,n.a.,n.a.,n.a.,n.a.,n.a.,n.a.,n.a.,n.a.,n.a.,n.a.,5.354654393618684,0.37051344583338325,0.7379383181871908,1.9916640718054681,0.7405859403928349,Diandian product collection,Diandian product collection,verified_visible_table;same_scope,https://app.diandian.com/app/ky58i5u6ekqvb7y/googleplay-downloads | https://app.diandian.com/app/ky58i5u6ekqvb7y/googleplay-income,Diandian authenticated monthly table. Picker requested 2021-09..2026-08; output starts at first rendered month or product launch.
Hay Day,2025-10,2779130,n.a.,n.a.,11767638,n.a.,n.a.,n.a.,n.a.,n.a.,n.a.,n.a.,n.a.,n.a.,n.a.,n.a.,4.234288428393058,0.4967096979327727,0.7822898957185063,1.5749438736031796,0.7560083879373144,Diandian product collection,Diandian product collection,verified_visible_table;same_scope,https://app.diandian.com/app/ky58i5u6ekqvb7y/googleplay-downloads | https://app.diandian.com/app/ky58i5u6ekqvb7y/googleplay-income,Diandian authenticated monthly table. Picker requested 2021-09..2026-08; output starts at first rendered month or product launch.
Hay Day,2025-11,3113282,n.a.,n.a.,11707089,n.a.,n.a.,n.a.,n.a.,n.a.,n.a.,n.a.,n.a.,n.a.,n.a.,n.a.,3.760368961115633,0.556432179063066,0.7782647148881766,1.39866949499333,0.7661643095979579,Diandian product collection,Diandian product collection,verified_visible_table;same_scope,https://app.diandian.com/app/ky58i5u6ekqvb7y/googleplay-downloads | https://app.diandian.com/app/ky58i5u6ekqvb7y/googleplay-income,Diandian authenticated monthly table. Picker requested 2021-09..2026-08; output starts at first rendered month or product launch.
Hay Day,2025-12,2931949,n.a.,n.a.,13631549,n.a.,n.a.,n.a.,n.a.,n.a.,n.a.,n.a.,n.a.,n.a.,n.a.,n.a.,4.649313136074332,0.5240228064697567,0.9061991068803875,1.7293123423105967,0.8222512391623568,Diandian product collection,Diandian product collection,verified_visible_table;same_scope,https://app.diandian.com/app/ky58i5u6ekqvb7y/googleplay-downloads | https://app.diandian.com/app/ky58i5u6ekqvb7y/googleplay-income,Diandian authenticated monthly table. Picker requested 2021-09..2026-08; output starts at first rendered month or product launch.
Hay Day,2026-01,2607085,n.a.,n.a.,13611922,n.a.,n.a.,n.a.,n.a.,n.a.,n.a.,n.a.,n.a.,n.a.,n.a.,n.a.,5.2211270441892,0.46596035551955567,0.9048943417454244,1.9419985649561282,0.8631193878379961,Diandian product collection,Diandian product collection,verified_visible_table;same_scope,https://app.diandian.com/app/ky58i5u6ekqvb7y/googleplay-downloads | https://app.diandian.com/app/ky58i5u6ekqvb7y/googleplay-income,Diandian authenticated monthly table. Picker requested 2021-09..2026-08; output starts at first rendered month or product launch.
Hay Day,2026-02,2769471,n.a.,n.a.,12490722,n.a.,n.a.,n.a.,n.a.,n.a.,n.a.,n.a.,n.a.,n.a.,n.a.,n.a.,4.51014724472652,0.4949833594842897,0.830359126515351,1.6775495794050141,0.8804841917137209,Diandian product collection,Diandian product collection,verified_visible_table;same_scope,https://app.diandian.com/app/ky58i5u6ekqvb7y/googleplay-downloads | https://app.diandian.com/app/ky58i5u6ekqvb7y/googleplay-income,Diandian authenticated monthly table. Picker requested 2021-09..2026-08; output starts at first rendered month or product launch.
Hay Day,2026-03,2624756,n.a.,n.a.,12669977,n.a.,n.a.,n.a.,n.a.,n.a.,n.a.,n.a.,n.a.,n.a.,n.a.,n.a.,4.827106595813096,0.4691186665997031,0.8422756534561884,1.7954426319490258,0.8591763739056546,Diandian product collection,Diandian product collection,verified_visible_table;same_scope,https://app.diandian.com/app/ky58i5u6ekqvb7y/googleplay-downloads | https://app.diandian.com/app/ky58i5u6ekqvb7y/googleplay-income,Diandian authenticated monthly table. Picker requested 2021-09..2026-08; output starts at first rendered month or product launch.
Hay Day,2026-04,2354122,n.a.,n.a.,14854588,n.a.,n.a.,n.a.,n.a.,n.a.,n.a.,n.a.,n.a.,n.a.,n.a.,n.a.,6.310033209833645,0.4207486614576845,0.9875043825669497,2.3470172885297815,0.8867130541794964,Diandian product collection,Diandian product collection,verified_visible_table;same_scope,https://app.diandian.com/app/ky58i5u6ekqvb7y/googleplay-downloads | https://app.diandian.com/app/ky58i5u6ekqvb7y/googleplay-income,Diandian authenticated monthly table. Picker requested 2021-09..2026-08; output starts at first rendered month or product launch.
Hay Day,2026-05,2493989,n.a.,n.a.,15042554,n.a.,n.a.,n.a.,n.a.,n.a.,n.a.,n.a.,n.a.,n.a.,n.a.,n.a.,6.031523795814657,0.4457468786410344,1,2.2434256927356135,0.9432600120077127,Diandian product collection,Diandian product collection,verified_visible_table;same_scope,https://app.diandian.com/app/ky58i5u6ekqvb7y/googleplay-downloads | https://app.diandian.com/app/ky58i5u6ekqvb7y/googleplay-income,Diandian authenticated monthly table. Picker requested 2021-09..2026-08; output starts at first rendered month or product launch.
Hay Day,2026-06,2381406,n.a.,n.a.,13961207,n.a.,n.a.,n.a.,n.a.,n.a.,n.a.,n.a.,n.a.,n.a.,n.a.,n.a.,5.8625899993533235,0.4256250894759484,0.9281141354054637,2.180590755465581,0.9718728393241378,Diandian product collection,Diandian product collection,verified_visible_table;same_scope,https://app.diandian.com/app/ky58i5u6ekqvb7y/googleplay-downloads | https://app.diandian.com/app/ky58i5u6ekqvb7y/googleplay-income,Diandian authenticated monthly table. Picker requested 2021-09..2026-08; output starts at first rendered month or product launch.
Hay Day,2026-07,2503364,n.a.,n.a.,14575576,n.a.,n.a.,n.a.,n.a.,n.a.,n.a.,n.a.,n.a.,n.a.,n.a.,n.a.,5.822395784232737,0.44742245819942844,0.9689562025172055,2.1656405143733646,0.9656901126408897,Diandian product collection,Diandian product collection,verified_visible_table;same_scope,https://app.diandian.com/app/ky58i5u6ekqvb7y/googleplay-downloads | https://app.diandian.com/app/ky58i5u6ekqvb7y/googleplay-income,Diandian authenticated monthly table. Picker requested 2021-09..2026-08; output starts at first rendered month or product launch.
Hay Day,2026-08,2720461,n.a.,n.a.,14508815,n.a.,n.a.,n.a.,n.a.,n.a.,4.4,13103000,1.72.86,n.a.,n.a.,n.a.,5.33321925952991,0.486223876374221,0.964518059898605,1.9836912721996114,0.953862799273758,Diandian product collection,Diandian product collection,verified_visible_table;same_scope,https://app.diandian.com/app/ky58i5u6ekqvb7y/googleplay-downloads | https://app.diandian.com/app/ky58i5u6ekqvb7y/googleplay-income,Diandian authenticated monthly table. Picker requested 2021-09..2026-08; output starts at first rendered month or product launch.
Big Farm Homestead,2025-11,104377,n.a.,n.a.,23063,n.a.,n.a.,n.a.,n.a.,n.a.,n.a.,n.a.,n.a.,n.a.,n.a.,n.a.,0.22095864031347903,0.10822101028533511,0.018877685075063006,0.17443641512207447,n.a.,Diandian product collection,Diandian product collection,verified_visible_table;same_scope,https://app.diandian.com/app/nldiru05oqpqbq4/googleplay-downloads | https://app.diandian.com/app/nldiru05oqpqbq4/googleplay-income,Diandian authenticated monthly table. Picker requested 2021-09..2026-08; output starts at first rendered month or product launch.
Big Farm Homestead,2025-12,542045,n.a.,n.a.,157113,n.a.,n.a.,n.a.,n.a.,n.a.,n.a.,n.a.,n.a.,n.a.,n.a.,n.a.,0.28985231853443905,0.5620075066357001,0.12860121125605403,0.2288247216231844,n.a.,Diandian product collection,Diandian product collection,verified_visible_table;same_scope,https://app.diandian.com/app/nldiru05oqpqbq4/googleplay-downloads | https://app.diandian.com/app/nldiru05oqpqbq4/googleplay-income,Diandian authenticated monthly table. Picker requested 2021-09..2026-08; output starts at first rendered month or product launch.
Big Farm Homestead,2026-01,839842,n.a.,n.a.,530198,n.a.,n.a.,n.a.,n.a.,n.a.,n.a.,n.a.,n.a.,n.a.,n.a.,n.a.,0.6313068410486734,0.8707718148639682,0.43398130648346944,0.49838694716050946,0.19382006760486217,Diandian product collection,Diandian product collection,verified_visible_table;same_scope,https://app.diandian.com/app/nldiru05oqpqbq4/googleplay-downloads | https://app.diandian.com/app/nldiru05oqpqbq4/googleplay-income,Diandian authenticated monthly table. Picker requested 2021-09..2026-08; output starts at first rendered month or product launch.
Big Farm Homestead,2026-02,878660,n.a.,n.a.,841099,n.a.,n.a.,n.a.,n.a.,n.a.,n.a.,n.a.,n.a.,n.a.,n.a.,n.a.,0.9572519518357498,0.9110194094226941,0.6884621271712448,0.7557052243349215,0.41701488163692274,Diandian product collection,Diandian product collection,verified_visible_table;same_scope,https://app.diandian.com/app/nldiru05oqpqbq4/googleplay-downloads | https://app.diandian.com/app/nldiru05oqpqbq4/googleplay-income,Diandian authenticated monthly table. Picker requested 2021-09..2026-08; output starts at first rendered month or product launch.
Big Farm Homestead,2026-03,730182,n.a.,n.a.,1146063,n.a.,n.a.,n.a.,n.a.,n.a.,n.a.,n.a.,n.a.,n.a.,n.a.,n.a.,1.5695580006080676,0.7570732415394824,0.9380833538647155,1.2390919430161806,0.6868422625064766,Diandian product collection,Diandian product collection,verified_visible_table;same_scope,https://app.diandian.com/app/nldiru05oqpqbq4/googleplay-downloads | https://app.diandian.com/app/nldiru05oqpqbq4/googleplay-income,Diandian authenticated monthly table. Picker requested 2021-09..2026-08; output starts at first rendered month or product launch.
Big Farm Homestead,2026-04,771505,n.a.,n.a.,1177072,n.a.,n.a.,n.a.,n.a.,n.a.,n.a.,n.a.,n.a.,n.a.,n.a.,n.a.,1.5256829184515979,0.7999180905773059,0.9634650534047853,1.2044546369859526,0.863336844813582,Diandian product collection,Diandian product collection,verified_visible_table;same_scope,https://app.diandian.com/app/nldiru05oqpqbq4/googleplay-downloads | https://app.diandian.com/app/nldiru05oqpqbq4/googleplay-income,Diandian authenticated monthly table. Picker requested 2021-09..2026-08; output starts at first rendered month or product launch.
Big Farm Homestead,2026-05,964480,n.a.,n.a.,1221707,n.a.,n.a.,n.a.,n.a.,n.a.,n.a.,n.a.,n.a.,n.a.,n.a.,n.a.,1.2667001907763769,1,1,1,0.9671828024231669,Diandian product collection,Diandian product collection,verified_visible_table;same_scope,https://app.diandian.com/app/nldiru05oqpqbq4/googleplay-downloads | https://app.diandian.com/app/nldiru05oqpqbq4/googleplay-income,Diandian authenticated monthly table. Picker requested 2021-09..2026-08; output starts at first rendered month or product launch.
Big Farm Homestead,2026-06,612999,n.a.,n.a.,1066240,n.a.,n.a.,n.a.,n.a.,n.a.,n.a.,n.a.,n.a.,n.a.,n.a.,n.a.,1.7393829353718357,0.6355746101526211,0.8727460839628487,1.3731607116169657,0.945403712455878,Diandian product collection,Diandian product collection,verified_visible_table;same_scope,https://app.diandian.com/app/nldiru05oqpqbq4/googleplay-downloads | https://app.diandian.com/app/nldiru05oqpqbq4/googleplay-income,Diandian authenticated monthly table. Picker requested 2021-09..2026-08; output starts at first rendered month or product launch.
Big Farm Homestead,2026-07,481050,n.a.,n.a.,1071742,n.a.,n.a.,n.a.,n.a.,n.a.,n.a.,n.a.,n.a.,n.a.,n.a.,n.a.,2.227922253404012,0.49876617451891175,0.8772496187711128,1.7588394393771185,0.9166652342446538,Diandian product collection,Diandian product collection,verified_visible_table;same_scope,https://app.diandian.com/app/nldiru05oqpqbq4/googleplay-downloads | https://app.diandian.com/app/nldiru05oqpqbq4/googleplay-income,Diandian authenticated monthly table. Picker requested 2021-09..2026-08; output starts at first rendered month or product launch.
Big Farm Homestead,2026-08,506249,n.a.,n.a.,1126094,n.a.,n.a.,n.a.,n.a.,n.a.,4.6,62000,1.0.6384,n.a.,n.a.,n.a.,2.2243876037286,0.5248932067020571,0.9217381909082947,1.7560490003283602,0.8905779645474187,Diandian product collection,Diandian product collection,verified_visible_table;same_scope,https://app.diandian.com/app/nldiru05oqpqbq4/googleplay-downloads | https://app.diandian.com/app/nldiru05oqpqbq4/googleplay-income,Diandian authenticated monthly table. Picker requested 2021-09..2026-08; output starts at first rendered month or product launch.
The Cozy Florist,2025-12,139357,n.a.,n.a.,9154,n.a.,n.a.,n.a.,n.a.,n.a.,n.a.,n.a.,n.a.,n.a.,n.a.,n.a.,0.06568740716289817,0.07162413378212452,0.00790224489707831,0.11032936078663613,n.a.,Diandian product collection,Diandian product collection,verified_visible_table;same_scope,https://app.diandian.com/app/nwoiwu7wgjzjsr4/googleplay-downloads | https://app.diandian.com/app/nwoiwu7wgjzjsr4/googleplay-income,Diandian authenticated monthly table. Picker requested 2021-09..2026-08; output starts at first rendered month or product launch.
The Cozy Florist,2026-01,282108,n.a.,n.a.,122091,n.a.,n.a.,n.a.,n.a.,n.a.,n.a.,n.a.,n.a.,n.a.,n.a.,n.a.,0.432781062571781,0.14499265292025218,0.10539578126820931,0.7269042889102687,n.a.,Diandian product collection,Diandian product collection,verified_visible_table;same_scope,https://app.diandian.com/app/nwoiwu7wgjzjsr4/googleplay-downloads | https://app.diandian.com/app/nwoiwu7wgjzjsr4/googleplay-income,Diandian authenticated monthly table. Picker requested 2021-09..2026-08; output starts at first rendered month or product launch.
The Cozy Florist,2026-02,980076,n.a.,n.a.,731328,n.a.,n.a.,n.a.,n.a.,n.a.,n.a.,n.a.,n.a.,n.a.,n.a.,n.a.,0.746195193025847,0.5037213382940898,0.6313232418713662,1.2533184399323143,0.24820708934555127,Diandian product collection,Diandian product collection,verified_visible_table;same_scope,https://app.diandian.com/app/nwoiwu7wgjzjsr4/googleplay-downloads | https://app.diandian.com/app/nwoiwu7wgjzjsr4/googleplay-income,Diandian authenticated monthly table. Picker requested 2021-09..2026-08; output starts at first rendered month or product launch.
The Cozy Florist,2026-03,1945671,n.a.,n.a.,1158405,n.a.,n.a.,n.a.,n.a.,n.a.,n.a.,n.a.,n.a.,n.a.,n.a.,n.a.,0.5953755799413158,1,1,1,0.5789063410465252,Diandian product collection,Diandian product collection,verified_visible_table;same_scope,https://app.diandian.com/app/nwoiwu7wgjzjsr4/googleplay-downloads | https://app.diandian.com/app/nwoiwu7wgjzjsr4/googleplay-income,Diandian authenticated monthly table. Picker requested 2021-09..2026-08; output starts at first rendered month or product launch.
The Cozy Florist,2026-04,1688781,n.a.,n.a.,996704,n.a.,n.a.,n.a.,n.a.,n.a.,n.a.,n.a.,n.a.,n.a.,n.a.,n.a.,0.5901913865681814,0.8679684283725254,0.8604106508518178,0.991292566326544,0.8305779642410613,Diandian product collection,Diandian product collection,verified_visible_table;same_scope,https://app.diandian.com/app/nwoiwu7wgjzjsr4/googleplay-downloads | https://app.diandian.com/app/nwoiwu7wgjzjsr4/googleplay-income,Diandian authenticated monthly table. Picker requested 2021-09..2026-08; output starts at first rendered month or product launch.
The Cozy Florist,2026-05,1242627,n.a.,n.a.,989639,n.a.,n.a.,n.a.,n.a.,n.a.,n.a.,n.a.,n.a.,n.a.,n.a.,n.a.,0.7964087372960671,0.6386624460147682,0.8543117476184927,1.3376577141013517,0.9049074661567702,Diandian product collection,Diandian product collection,verified_visible_table;same_scope,https://app.diandian.com/app/nwoiwu7wgjzjsr4/googleplay-downloads | https://app.diandian.com/app/nwoiwu7wgjzjsr4/googleplay-income,Diandian authenticated monthly table. Picker requested 2021-09..2026-08; output starts at first rendered month or product launch.
The Cozy Florist,2026-06,988171,n.a.,n.a.,831978,n.a.,n.a.,n.a.,n.a.,n.a.,n.a.,n.a.,n.a.,n.a.,n.a.,n.a.,0.8419372760382565,0.5078818566962245,0.7182099524777603,1.41412799651817,0.8109774503160236,Diandian product collection,Diandian product collection,verified_visible_table;same_scope,https://app.diandian.com/app/nwoiwu7wgjzjsr4/googleplay-downloads | https://app.diandian.com/app/nwoiwu7wgjzjsr4/googleplay-income,Diandian authenticated monthly table. Picker requested 2021-09..2026-08; output starts at first rendered month or product launch.
The Cozy Florist,2026-07,710421,n.a.,n.a.,714063,n.a.,n.a.,n.a.,n.a.,n.a.,n.a.,n.a.,n.a.,n.a.,n.a.,n.a.,1.0051265376445797,0.36512904802507723,0.6164191280251725,1.688222647196332,0.7296469427071418,Diandian product collection,Diandian product collection,verified_visible_table;same_scope,https://app.diandian.com/app/nwoiwu7wgjzjsr4/googleplay-downloads | https://app.diandian.com/app/nwoiwu7wgjzjsr4/googleplay-income,Diandian authenticated monthly table. Picker requested 2021-09..2026-08; output starts at first rendered month or product launch.
The Cozy Florist,2026-08,1383555,n.a.,n.a.,791306,n.a.,n.a.,n.a.,n.a.,n.a.,4.7,157000,1.0.80,n.a.,n.a.,n.a.,0.5719367860330814,0.711094013324966,0.6830996067869182,0.9606319192491154,0.672576229096617,Diandian product collection,Diandian product collection,verified_visible_table;same_scope,https://app.diandian.com/app/nwoiwu7wgjzjsr4/googleplay-downloads | https://app.diandian.com/app/nwoiwu7wgjzjsr4/googleplay-income,Diandian authenticated monthly table. Picker requested 2021-09..2026-08; output starts at first rendered month or product launch.
Office Cat,2024-02,5603,n.a.,n.a.,578,n.a.,n.a.,n.a.,n.a.,n.a.,n.a.,n.a.,n.a.,n.a.,n.a.,n.a.,0.10315902195252544,0.002070124879923151,0.00023824028634998568,0.11508498287254529,n.a.,Diandian product collection,Diandian product collection,verified_visible_table;same_scope,https://app.diandian.com/app/yedipu8dp09qfr4/googleplay-downloads | https://app.diandian.com/app/yedipu8dp09qfr4/googleplay-income,Diandian authenticated monthly table. Picker requested 2021-09..2026-08; output starts at first rendered month or product launch.
Office Cat,2024-03,20389,n.a.,n.a.,4533,n.a.,n.a.,n.a.,n.a.,n.a.,n.a.,n.a.,n.a.,n.a.,n.a.,n.a.,0.22232576389229486,0.007533067316928988,0.0018684138720146803,0.2480282988864061,n.a.,Diandian product collection,Diandian product collection,verified_visible_table;same_scope,https://app.diandian.com/app/yedipu8dp09qfr4/googleplay-downloads | https://app.diandian.com/app/yedipu8dp09qfr4/googleplay-income,Diandian authenticated monthly table. Picker requested 2021-09..2026-08; output starts at first rendered month or product launch.
Office Cat,2024-04,25785,n.a.,n.a.,4392,n.a.,n.a.,n.a.,n.a.,n.a.,n.a.,n.a.,n.a.,n.a.,n.a.,n.a.,0.17033158813263524,0.00952671248060297,0.0018102964319189224,0.19002320429054703,0.001305650196761196,Diandian product collection,Diandian product collection,verified_visible_table;same_scope,https://app.diandian.com/app/yedipu8dp09qfr4/googleplay-downloads | https://app.diandian.com/app/yedipu8dp09qfr4/googleplay-income,Diandian authenticated monthly table. Picker requested 2021-09..2026-08; output starts at first rendered month or product launch.
Office Cat,2024-05,1526883,n.a.,n.a.,662783,n.a.,n.a.,n.a.,n.a.,n.a.,n.a.,n.a.,n.a.,n.a.,n.a.,n.a.,0.43407582637307507,0.5641332298825095,0.273186179425437,0.4842582655205983,0.09228829657645686,Diandian product collection,Diandian product collection,verified_visible_table;same_scope,https://app.diandian.com/app/yedipu8dp09qfr4/googleplay-downloads | https://app.diandian.com/app/yedipu8dp09qfr4/googleplay-income,Diandian authenticated monthly table. Picker requested 2021-09..2026-08; output starts at first rendered month or product launch.
Office Cat,2024-06,1006505,n.a.,n.a.,819578,n.a.,n.a.,n.a.,n.a.,n.a.,n.a.,n.a.,n.a.,n.a.,n.a.,n.a.,0.8142811014351643,0.3718706125766644,0.3378140093531982,0.9084181377294364,0.20427016173685136,Diandian product collection,Diandian product collection,verified_visible_table;same_scope,https://app.diandian.com/app/yedipu8dp09qfr4/googleplay-downloads | https://app.diandian.com/app/yedipu8dp09qfr4/googleplay-income,Diandian authenticated monthly table. Picker requested 2021-09..2026-08; output starts at first rendered month or product launch.
Office Cat,2024-07,2706600,n.a.,n.a.,1833253,n.a.,n.a.,n.a.,n.a.,n.a.,n.a.,n.a.,n.a.,n.a.,n.a.,n.a.,0.6773269046035617,1,0.7556310028926823,0.7556310028926823,0.45554373055710584,Diandian product collection,Diandian product collection,verified_visible_table;same_scope,https://app.diandian.com/app/yedipu8dp09qfr4/googleplay-downloads | https://app.diandian.com/app/yedipu8dp09qfr4/googleplay-income,Diandian authenticated monthly table. Picker requested 2021-09..2026-08; output starts at first rendered month or product launch.
Office Cat,2024-08,2185931,n.a.,n.a.,1944665,n.a.,n.a.,n.a.,n.a.,n.a.,n.a.,n.a.,n.a.,n.a.,n.a.,n.a.,0.8896278061841842,0.8076298677307323,0.8015528485377075,0.9924754897808572,0.6316659535945294,Diandian product collection,Diandian product collection,verified_visible_table;same_scope,https://app.diandian.com/app/yedipu8dp09qfr4/googleplay-downloads | https://app.diandian.com/app/yedipu8dp09qfr4/googleplay-income,Diandian authenticated monthly table. Picker requested 2021-09..2026-08; output starts at first rendered month or product launch.
Office Cat,2024-09,2031645,n.a.,n.a.,2193509,n.a.,n.a.,n.a.,n.a.,n.a.,n.a.,n.a.,n.a.,n.a.,n.a.,n.a.,1.079671399284816,0.7506262469518954,0.9041214745177695,1.2044895554734192,0.8204351086493864,Diandian product collection,Diandian product collection,verified_visible_table;same_scope,https://app.diandian.com/app/yedipu8dp09qfr4/googleplay-downloads | https://app.diandian.com/app/yedipu8dp09qfr4/googleplay-income,Diandian authenticated monthly table. Picker requested 2021-09..2026-08; output starts at first rendered month or product launch.
Office Cat,2024-10,1727171,n.a.,n.a.,2426122,n.a.,n.a.,n.a.,n.a.,n.a.,n.a.,n.a.,n.a.,n.a.,n.a.,n.a.,1.4046796756082633,0.6381330820956181,1,1.567071239616691,0.9018914410184923,Diandian product collection,Diandian product collection,verified_visible_table;same_scope,https://app.diandian.com/app/yedipu8dp09qfr4/googleplay-downloads | https://app.diandian.com/app/yedipu8dp09qfr4/googleplay-income,Diandian authenticated monthly table. Picker requested 2021-09..2026-08; output starts at first rendered month or product launch.
Office Cat,2024-11,1423215,n.a.,n.a.,1915190,n.a.,n.a.,n.a.,n.a.,n.a.,n.a.,n.a.,n.a.,n.a.,n.a.,n.a.,1.3456786219931633,0.5258313012635779,0.7894038304751368,1.501249219242353,0.8978417683309687,Diandian product collection,Diandian product collection,verified_visible_table;same_scope,https://app.diandian.com/app/yedipu8dp09qfr4/googleplay-downloads | https://app.diandian.com/app/yedipu8dp09qfr4/googleplay-income,Diandian authenticated monthly table. Picker requested 2021-09..2026-08; output starts at first rendered month or product launch.
Office Cat,2024-12,1246340,n.a.,n.a.,1725876,n.a.,n.a.,n.a.,n.a.,n.a.,n.a.,n.a.,n.a.,n.a.,n.a.,n.a.,1.3847553637049281,0.4604817852656469,0.7113723052674186,1.5448435269964818,0.8335920452475185,Diandian product collection,Diandian product collection,verified_visible_table;same_scope,https://app.diandian.com/app/yedipu8dp09qfr4/googleplay-downloads | https://app.diandian.com/app/yedipu8dp09qfr4/googleplay-income,Diandian authenticated monthly table. Picker requested 2021-09..2026-08; output starts at first rendered month or product launch.
Office Cat,2025-01,1119991,n.a.,n.a.,1780173,n.a.,n.a.,n.a.,n.a.,n.a.,n.a.,n.a.,n.a.,n.a.,n.a.,n.a.,1.589452950961213,0.41379997044262173,0.7337524658693998,1.773205699083401,0.7448428672039851,Diandian product collection,Diandian product collection,verified_visible_table;same_scope,https://app.diandian.com/app/yedipu8dp09qfr4/googleplay-downloads | https://app.diandian.com/app/yedipu8dp09qfr4/googleplay-income,Diandian authenticated monthly table. Picker requested 2021-09..2026-08; output starts at first rendered month or product launch.
Office Cat,2025-02,765406,n.a.,n.a.,1527953,n.a.,n.a.,n.a.,n.a.,n.a.,n.a.,n.a.,n.a.,n.a.,n.a.,n.a.,1.996264727477966,0.2827924333111653,0.6297923187704493,2.227047984970196,0.6916390299690892,Diandian product collection,Diandian product collection,verified_visible_table;same_scope,https://app.diandian.com/app/yedipu8dp09qfr4/googleplay-downloads | https://app.diandian.com/app/yedipu8dp09qfr4/googleplay-income,Diandian authenticated monthly table. Picker requested 2021-09..2026-08; output starts at first rendered month or product launch.
Office Cat,2025-03,736998,n.a.,n.a.,1300489,n.a.,n.a.,n.a.,n.a.,n.a.,n.a.,n.a.,n.a.,n.a.,n.a.,n.a.,1.7645760232727905,0.2722966082908446,0.5360361103027795,1.9685743192593508,0.6331936316475428,Diandian product collection,Diandian product collection,verified_visible_table;same_scope,https://app.diandian.com/app/yedipu8dp09qfr4/googleplay-downloads | https://app.diandian.com/app/yedipu8dp09qfr4/googleplay-income,Diandian authenticated monthly table. Picker requested 2021-09..2026-08; output starts at first rendered month or product launch.
Office Cat,2025-04,584927,n.a.,n.a.,1078478,n.a.,n.a.,n.a.,n.a.,n.a.,n.a.,n.a.,n.a.,n.a.,n.a.,n.a.,1.8437822155585226,0.21611135742259663,0.44452752169923854,2.0569373447133725,0.5367853169241558,Diandian product collection,Diandian product collection,verified_visible_table;same_scope,https://app.diandian.com/app/yedipu8dp09qfr4/googleplay-downloads | https://app.diandian.com/app/yedipu8dp09qfr4/googleplay-income,Diandian authenticated monthly table. Picker requested 2021-09..2026-08; output starts at first rendered month or product launch.
Office Cat,2025-05,763265,n.a.,n.a.,976697,n.a.,n.a.,n.a.,n.a.,n.a.,n.a.,n.a.,n.a.,n.a.,n.a.,n.a.,1.2796302725789863,0.28200140397546736,0.4025753857390519,1.4275651825267999,0.4610463392470233,Diandian product collection,Diandian product collection,verified_visible_table;same_scope,https://app.diandian.com/app/yedipu8dp09qfr4/googleplay-downloads | https://app.diandian.com/app/yedipu8dp09qfr4/googleplay-income,Diandian authenticated monthly table. Picker requested 2021-09..2026-08; output starts at first rendered month or product launch.
Office Cat,2025-06,800817,n.a.,n.a.,753398,n.a.,n.a.,n.a.,n.a.,n.a.,n.a.,n.a.,n.a.,n.a.,n.a.,n.a.,0.9407867215606063,0.2958756373309687,0.31053590874655107,1.0495487615939911,0.38587960539494714,Diandian product collection,Diandian product collection,verified_visible_table;same_scope,https://app.diandian.com/app/yedipu8dp09qfr4/googleplay-downloads | https://app.diandian.com/app/yedipu8dp09qfr4/googleplay-income,Diandian authenticated monthly table. Picker requested 2021-09..2026-08; output starts at first rendered month or product launch.
Office Cat,2025-07,525863,n.a.,n.a.,621627,n.a.,n.a.,n.a.,n.a.,n.a.,n.a.,n.a.,n.a.,n.a.,n.a.,n.a.,1.182108267742739,0.19428914505283382,0.2562224818042951,1.3187688984612058,0.3231112587632994,Diandian product collection,Diandian product collection,verified_visible_table;same_scope,https://app.diandian.com/app/yedipu8dp09qfr4/googleplay-downloads | https://app.diandian.com/app/yedipu8dp09qfr4/googleplay-income,Diandian authenticated monthly table. Picker requested 2021-09..2026-08; output starts at first rendered month or product launch.
Office Cat,2025-08,447629,n.a.,n.a.,555937,n.a.,n.a.,n.a.,n.a.,n.a.,n.a.,n.a.,n.a.,n.a.,n.a.,n.a.,1.2419593011176666,0.16538424591738712,0.22914634960649136,1.3855391626658002,0.26530158005244586,Diandian product collection,Diandian product collection,verified_visible_table;same_scope,https://app.diandian.com/app/yedipu8dp09qfr4/googleplay-downloads | https://app.diandian.com/app/yedipu8dp09qfr4/googleplay-income,Diandian authenticated monthly table. Picker requested 2021-09..2026-08; output starts at first rendered month or product launch.
Office Cat,2025-09,429095,n.a.,n.a.,413268,n.a.,n.a.,n.a.,n.a.,n.a.,n.a.,n.a.,n.a.,n.a.,n.a.,n.a.,0.9631153940269638,0.1585365403088746,0.17034098037938736,1.0744587969909922,0.21856993726339127,Diandian product collection,Diandian product collection,verified_visible_table;same_scope,https://app.diandian.com/app/yedipu8dp09qfr4/googleplay-downloads | https://app.diandian.com/app/yedipu8dp09qfr4/googleplay-income,Diandian authenticated monthly table. Picker requested 2021-09..2026-08; output starts at first rendered month or product launch.
Office Cat,2025-10,409323,n.a.,n.a.,360117,n.a.,n.a.,n.a.,n.a.,n.a.,n.a.,n.a.,n.a.,n.a.,n.a.,n.a.,0.8797868675837908,0.1512314342717801,0.14843317854584395,0.9814968644620049,0.1826401695105742,Diandian product collection,Diandian product collection,verified_visible_table;same_scope,https://app.diandian.com/app/yedipu8dp09qfr4/googleplay-downloads | https://app.diandian.com/app/yedipu8dp09qfr4/googleplay-income,Diandian authenticated monthly table. Picker requested 2021-09..2026-08; output starts at first rendered month or product launch.
Office Cat,2025-11,230844,n.a.,n.a.,325331,n.a.,n.a.,n.a.,n.a.,n.a.,n.a.,n.a.,n.a.,n.a.,n.a.,n.a.,1.4093110498865034,0.08528929283972511,0.13409507023966644,1.5722380356893886,0.15095640972163257,Diandian product collection,Diandian product collection,verified_visible_table;same_scope,https://app.diandian.com/app/yedipu8dp09qfr4/googleplay-downloads | https://app.diandian.com/app/yedipu8dp09qfr4/googleplay-income,Diandian authenticated monthly table. Picker requested 2021-09..2026-08; output starts at first rendered month or product launch.
Office Cat,2025-12,235311,n.a.,n.a.,241237,n.a.,n.a.,n.a.,n.a.,n.a.,n.a.,n.a.,n.a.,n.a.,n.a.,n.a.,1.0251836930700222,0.08693970294834848,0.09943316947787456,1.1437026594966462,0.12732047275446165,Diandian product collection,Diandian product collection,verified_visible_table;same_scope,https://app.diandian.com/app/yedipu8dp09qfr4/googleplay-downloads | https://app.diandian.com/app/yedipu8dp09qfr4/googleplay-income,Diandian authenticated monthly table. Picker requested 2021-09..2026-08; output starts at first rendered month or product launch.
Office Cat,2026-01,209217,n.a.,n.a.,191324,n.a.,n.a.,n.a.,n.a.,n.a.,n.a.,n.a.,n.a.,n.a.,n.a.,n.a.,0.9144763570837934,0.07729882509421414,0.07886000786440253,1.0201967205618658,0.10412941586064783,Diandian product collection,Diandian product collection,verified_visible_table;same_scope,https://app.diandian.com/app/yedipu8dp09qfr4/googleplay-downloads | https://app.diandian.com/app/yedipu8dp09qfr4/googleplay-income,Diandian authenticated monthly table. Picker requested 2021-09..2026-08; output starts at first rendered month or product launch.
Office Cat,2026-02,196691,n.a.,n.a.,163868,n.a.,n.a.,n.a.,n.a.,n.a.,n.a.,n.a.,n.a.,n.a.,n.a.,n.a.,0.8331240371953978,0.0726708785930688,0.067543182082352,0.9294394589691135,0.08194545314154303,Diandian product collection,Diandian product collection,verified_visible_table;same_scope,https://app.diandian.com/app/yedipu8dp09qfr4/googleplay-downloads | https://app.diandian.com/app/yedipu8dp09qfr4/googleplay-income,Diandian authenticated monthly table. Picker requested 2021-09..2026-08; output starts at first rendered month or product launch.
Office Cat,2026-03,217214,n.a.,n.a.,154950,n.a.,n.a.,n.a.,n.a.,n.a.,n.a.,n.a.,n.a.,n.a.,n.a.,n.a.,0.7133518097360207,0.0802534545185842,0.06386735704140188,0.7958206587432592,0.07009018232938548,Diandian product collection,Diandian product collection,verified_visible_table;same_scope,https://app.diandian.com/app/yedipu8dp09qfr4/googleplay-downloads | https://app.diandian.com/app/yedipu8dp09qfr4/googleplay-income,Diandian authenticated monthly table. Picker requested 2021-09..2026-08; output starts at first rendered month or product launch.
Office Cat,2026-04,200243,n.a.,n.a.,245099,n.a.,n.a.,n.a.,n.a.,n.a.,n.a.,n.a.,n.a.,n.a.,n.a.,n.a.,1.2240078304859596,0.07398322618783713,0.10102501028390164,1.3655123666465654,0.07747851646921851,Diandian product collection,Diandian product collection,verified_visible_table;same_scope,https://app.diandian.com/app/yedipu8dp09qfr4/googleplay-downloads | https://app.diandian.com/app/yedipu8dp09qfr4/googleplay-income,Diandian authenticated monthly table. Picker requested 2021-09..2026-08; output starts at first rendered month or product launch.
Office Cat,2026-05,179451,n.a.,n.a.,264517,n.a.,n.a.,n.a.,n.a.,n.a.,n.a.,n.a.,n.a.,n.a.,n.a.,n.a.,1.4740346947077476,0.06630126357792064,0.10902872980006777,1.6444442219706963,0.09130703237512376,Diandian product collection,Diandian product collection,verified_visible_table;same_scope,https://app.diandian.com/app/yedipu8dp09qfr4/googleplay-downloads | https://app.diandian.com/app/yedipu8dp09qfr4/googleplay-income,Diandian authenticated monthly table. Picker requested 2021-09..2026-08; output starts at first rendered month or product launch.
Office Cat,2026-06,160710,n.a.,n.a.,247126,n.a.,n.a.,n.a.,n.a.,n.a.,n.a.,n.a.,n.a.,n.a.,n.a.,n.a.,1.5377138945927447,0.059377078253158945,0.10186050000783142,1.715485217604359,0.10397141336393362,Diandian product collection,Diandian product collection,verified_visible_table;same_scope,https://app.diandian.com/app/yedipu8dp09qfr4/googleplay-downloads | https://app.diandian.com/app/yedipu8dp09qfr4/googleplay-income,Diandian authenticated monthly table. Picker requested 2021-09..2026-08; output starts at first rendered month or product launch.
Office Cat,2026-07,147551,n.a.,n.a.,226145,n.a.,n.a.,n.a.,n.a.,n.a.,n.a.,n.a.,n.a.,n.a.,n.a.,n.a.,1.5326565052083687,0.05451525899652701,0.09321254248549743,1.709843155866428,0.10136725743113222,Diandian product collection,Diandian product collection,verified_visible_table;same_scope,https://app.diandian.com/app/yedipu8dp09qfr4/googleplay-downloads | https://app.diandian.com/app/yedipu8dp09qfr4/googleplay-income,Diandian authenticated monthly table. Picker requested 2021-09..2026-08; output starts at first rendered month or product launch.
Office Cat,2026-08,101219,n.a.,n.a.,231929,n.a.,n.a.,n.a.,n.a.,n.a.,4.6,510000,1.0.80,n.a.,n.a.,n.a.,2.291358341813296,0.03739710337693047,0.09559659407070213,2.556256646595623,0.096889878854677,Diandian product collection,Diandian product collection,verified_visible_table;same_scope,https://app.diandian.com/app/yedipu8dp09qfr4/googleplay-downloads | https://app.diandian.com/app/yedipu8dp09qfr4/googleplay-income,Diandian authenticated monthly table. Picker requested 2021-09..2026-08; output starts at first rendered month or product launch.
My Perfect Hotel,2022-04,3788,n.a.,n.a.,n.a.,n.a.,n.a.,n.a.,n.a.,n.a.,n.a.,n.a.,n.a.,n.a.,n.a.,n.a.,n.a.,0.0002055670911182101,n.a.,n.a.,n.a.,Diandian product collection,Diandian product collection,verified_visible_table;same_scope,https://app.diandian.com/app/4v2imuppkwe6igy/googleplay-downloads | https://app.diandian.com/app/4v2imuppkwe6igy/googleplay-income,Diandian authenticated monthly table. Picker requested 2021-09..2026-08; output starts at first rendered month or product launch.
My Perfect Hotel,2022-05,6466,n.a.,n.a.,n.a.,n.a.,n.a.,n.a.,n.a.,n.a.,n.a.,n.a.,n.a.,n.a.,n.a.,n.a.,n.a.,0.0003508967294536289,n.a.,n.a.,n.a.,Diandian product collection,Diandian product collection,verified_visible_table;same_scope,https://app.diandian.com/app/4v2imuppkwe6igy/googleplay-downloads | https://app.diandian.com/app/4v2imuppkwe6igy/googleplay-income,Diandian authenticated monthly table. Picker requested 2021-09..2026-08; output starts at first rendered month or product launch.
My Perfect Hotel,2022-06,14396,n.a.,n.a.,n.a.,n.a.,n.a.,n.a.,n.a.,n.a.,n.a.,n.a.,n.a.,n.a.,n.a.,n.a.,n.a.,0.0007812417750099663,n.a.,n.a.,n.a.,Diandian product collection,Diandian product collection,verified_visible_table;same_scope,https://app.diandian.com/app/4v2imuppkwe6igy/googleplay-downloads | https://app.diandian.com/app/4v2imuppkwe6igy/googleplay-income,Diandian authenticated monthly table. Picker requested 2021-09..2026-08; output starts at first rendered month or product launch.
My Perfect Hotel,2022-07,67454,n.a.,n.a.,n.a.,n.a.,n.a.,n.a.,n.a.,n.a.,n.a.,n.a.,n.a.,n.a.,n.a.,n.a.,n.a.,0.003660592018027387,n.a.,n.a.,n.a.,Diandian product collection,Diandian product collection,verified_visible_table;same_scope,https://app.diandian.com/app/4v2imuppkwe6igy/googleplay-downloads | https://app.diandian.com/app/4v2imuppkwe6igy/googleplay-income,Diandian authenticated monthly table. Picker requested 2021-09..2026-08; output starts at first rendered month or product launch.
My Perfect Hotel,2022-08,5490140,n.a.,n.a.,137129,n.a.,n.a.,n.a.,n.a.,n.a.,n.a.,n.a.,n.a.,n.a.,n.a.,n.a.,0.02497732298265618,0.2979387829017238,0.07869828088369063,0.264142452745568,n.a.,Diandian product collection,Diandian product collection,verified_visible_table;same_scope,https://app.diandian.com/app/4v2imuppkwe6igy/googleplay-downloads | https://app.diandian.com/app/4v2imuppkwe6igy/googleplay-income,Diandian authenticated monthly table. Picker requested 2021-09..2026-08; output starts at first rendered month or product launch.
My Perfect Hotel,2022-09,7152228,n.a.,n.a.,313167,n.a.,n.a.,n.a.,n.a.,n.a.,n.a.,n.a.,n.a.,n.a.,n.a.,n.a.,0.04378593635437796,0.38813693373131297,0.17972642205151898,0.46304900779149827,n.a.,Diandian product collection,Diandian product collection,verified_visible_table;same_scope,https://app.diandian.com/app/4v2imuppkwe6igy/googleplay-downloads | https://app.diandian.com/app/4v2imuppkwe6igy/googleplay-income,Diandian authenticated monthly table. Picker requested 2021-09..2026-08; output starts at first rendered month or product launch.
My Perfect Hotel,2022-10,6139099,n.a.,n.a.,329127,n.a.,n.a.,n.a.,n.a.,n.a.,n.a.,n.a.,n.a.,n.a.,n.a.,n.a.,0.05361161303963334,0.33315647400124404,0.1888858599742319,0.5669583955721856,0.14910352096981383,Diandian product collection,Diandian product collection,verified_visible_table;same_scope,https://app.diandian.com/app/4v2imuppkwe6igy/googleplay-downloads | https://app.diandian.com/app/4v2imuppkwe6igy/googleplay-income,Diandian authenticated monthly table. Picker requested 2021-09..2026-08; output starts at first rendered month or product launch.
My Perfect Hotel,2022-11,6462055,n.a.,n.a.,349379,n.a.,n.a.,n.a.,n.a.,n.a.,n.a.,n.a.,n.a.,n.a.,n.a.,n.a.,0.0540662374430425,0.3506826422903604,0.20050847506262678,0.571766180821144,0.18970691902945924,Diandian product collection,Diandian product collection,verified_visible_table;same_scope,https://app.diandian.com/app/4v2imuppkwe6igy/googleplay-downloads | https://app.diandian.com/app/4v2imuppkwe6igy/googleplay-income,Diandian authenticated monthly table. Picker requested 2021-09..2026-08; output starts at first rendered month or product launch.
My Perfect Hotel,2022-12,6288675,n.a.,n.a.,334363,n.a.,n.a.,n.a.,n.a.,n.a.,n.a.,n.a.,n.a.,n.a.,n.a.,n.a.,0.053169069796101726,0.34127366070163934,0.19189079838045528,0.5622783721015523,0.19376171113910465,Diandian product collection,Diandian product collection,verified_visible_table;same_scope,https://app.diandian.com/app/4v2imuppkwe6igy/googleplay-downloads | https://app.diandian.com/app/4v2imuppkwe6igy/googleplay-income,Diandian authenticated monthly table. Picker requested 2021-09..2026-08; output starts at first rendered month or product launch.
My Perfect Hotel,2023-01,6004584,n.a.,n.a.,296556,n.a.,n.a.,n.a.,n.a.,n.a.,n.a.,n.a.,n.a.,n.a.,n.a.,n.a.,0.049388267363734105,0.3258566172795529,0.17019337547669536,0.5222952871037945,0.18753088297325915,Diandian product collection,Diandian product collection,verified_visible_table;same_scope,https://app.diandian.com/app/4v2imuppkwe6igy/googleplay-downloads | https://app.diandian.com/app/4v2imuppkwe6igy/googleplay-income,Diandian authenticated monthly table. Picker requested 2021-09..2026-08; output starts at first rendered month or product launch.
My Perfect Hotel,2023-02,2992505,n.a.,n.a.,184569,n.a.,n.a.,n.a.,n.a.,n.a.,n.a.,n.a.,n.a.,n.a.,n.a.,n.a.,0.0616770899296743,0.16239718796375377,0.1059240788193737,0.6522531587370554,0.15600275089217477,Diandian product collection,Diandian product collection,verified_visible_table;same_scope,https://app.diandian.com/app/4v2imuppkwe6igy/googleplay-downloads | https://app.diandian.com/app/4v2imuppkwe6igy/googleplay-income,Diandian authenticated monthly table. Picker requested 2021-09..2026-08; output starts at first rendered month or product launch.
My Perfect Hotel,2023-03,2680710,n.a.,n.a.,172336,n.a.,n.a.,n.a.,n.a.,n.a.,n.a.,n.a.,n.a.,n.a.,n.a.,n.a.,0.0642874462362583,0.14547670454896963,0.09890356477748477,0.6798584356452229,0.12500700635785128,Diandian product collection,Diandian product collection,verified_visible_table;same_scope,https://app.diandian.com/app/4v2imuppkwe6igy/googleplay-downloads | https://app.diandian.com/app/4v2imuppkwe6igy/googleplay-income,Diandian authenticated monthly table. Picker requested 2021-09..2026-08; output starts at first rendered month or product launch.
My Perfect Hotel,2023-04,4269605,n.a.,n.a.,151446,n.a.,n.a.,n.a.,n.a.,n.a.,n.a.,n.a.,n.a.,n.a.,n.a.,n.a.,0.03547072855685713,0.2317028194492517,0.08691480173202905,0.3751132676702944,0.09724748177629584,Diandian product collection,Diandian product collection,verified_visible_table;same_scope,https://app.diandian.com/app/4v2imuppkwe6igy/googleplay-downloads | https://app.diandian.com/app/4v2imuppkwe6igy/googleplay-income,Diandian authenticated monthly table. Picker requested 2021-09..2026-08; output starts at first rendered month or product launch.
My Perfect Hotel,2023-05,2759518,n.a.,n.a.,97605,n.a.,n.a.,n.a.,n.a.,n.a.,n.a.,n.a.,n.a.,n.a.,n.a.,n.a.,0.0353703074232529,0.14975345516059685,0.056015472333734107,0.37405128498479484,0.08061127961441598,Diandian product collection,Diandian product collection,verified_visible_table;same_scope,https://app.diandian.com/app/4v2imuppkwe6igy/googleplay-downloads | https://app.diandian.com/app/4v2imuppkwe6igy/googleplay-income,Diandian authenticated monthly table. Picker requested 2021-09..2026-08; output starts at first rendered month or product launch.
My Perfect Hotel,2023-06,2730177,n.a.,n.a.,134286,n.a.,n.a.,n.a.,n.a.,n.a.,n.a.,n.a.,n.a.,n.a.,n.a.,n.a.,0.04918582201813289,0.1481611784920384,0.07706668426625499,0.5201543687126939,0.07333231944400605,Diandian product collection,Diandian product collection,verified_visible_table;same_scope,https://app.diandian.com/app/4v2imuppkwe6igy/googleplay-downloads | https://app.diandian.com/app/4v2imuppkwe6igy/googleplay-income,Diandian authenticated monthly table. Picker requested 2021-09..2026-08; output starts at first rendered month or product launch.
My Perfect Hotel,2023-07,2515112,n.a.,n.a.,156040,n.a.,n.a.,n.a.,n.a.,n.a.,n.a.,n.a.,n.a.,n.a.,n.a.,n.a.,0.0620409747160365,0.13649003634543388,0.08955129658271471,0.6561013461530267,0.07421115106090127,Diandian product collection,Diandian product collection,verified_visible_table;same_scope,https://app.diandian.com/app/4v2imuppkwe6igy/googleplay-downloads | https://app.diandian.com/app/4v2imuppkwe6igy/googleplay-income,Diandian authenticated monthly table. Picker requested 2021-09..2026-08; output starts at first rendered month or product launch.
My Perfect Hotel,2023-08,13550405,n.a.,n.a.,1261259,n.a.,n.a.,n.a.,n.a.,n.a.,n.a.,n.a.,n.a.,n.a.,n.a.,n.a.,0.09307906295051697,0.7353530462839624,0.7238360598347743,0.9843381536156162,0.296818013561248,Diandian product collection,Diandian product collection,verified_visible_table;same_scope,https://app.diandian.com/app/4v2imuppkwe6igy/googleplay-downloads | https://app.diandian.com/app/4v2imuppkwe6igy/googleplay-income,Diandian authenticated monthly table. Picker requested 2021-09..2026-08; output starts at first rendered month or product launch.
My Perfect Hotel,2023-09,18427074,n.a.,n.a.,1742465,n.a.,n.a.,n.a.,n.a.,n.a.,n.a.,n.a.,n.a.,n.a.,n.a.,n.a.,0.09456004789474444,1,1,1,0.604462452139163,Diandian product collection,Diandian product collection,verified_visible_table;same_scope,https://app.diandian.com/app/4v2imuppkwe6igy/googleplay-downloads | https://app.diandian.com/app/4v2imuppkwe6igy/googleplay-income,Diandian authenticated monthly table. Picker requested 2021-09..2026-08; output starts at first rendered month or product launch.
My Perfect Hotel,2023-10,17400151,n.a.,n.a.,1401582,n.a.,n.a.,n.a.,n.a.,n.a.,n.a.,n.a.,n.a.,n.a.,n.a.,n.a.,0.08054999062939167,0.94427096781616,0.804367376102246,0.8518395709682013,0.8427344786456734,Diandian product collection,Diandian product collection,verified_visible_table;same_scope,https://app.diandian.com/app/4v2imuppkwe6igy/googleplay-downloads | https://app.diandian.com/app/4v2imuppkwe6igy/googleplay-income,Diandian authenticated monthly table. Picker requested 2021-09..2026-08; output starts at first rendered month or product launch.
My Perfect Hotel,2023-11,14091602,n.a.,n.a.,1138720,n.a.,n.a.,n.a.,n.a.,n.a.,n.a.,n.a.,n.a.,n.a.,n.a.,n.a.,0.08080841340821292,0.7647227118098077,0.6535109743954685,0.8545724669911485,0.8192927834992382,Diandian product collection,Diandian product collection,verified_visible_table;same_scope,https://app.diandian.com/app/4v2imuppkwe6igy/googleplay-downloads | https://app.diandian.com/app/4v2imuppkwe6igy/googleplay-income,Diandian authenticated monthly table. Picker requested 2021-09..2026-08; output starts at first rendered month or product launch.
My Perfect Hotel,2023-12,12447421,n.a.,n.a.,987964,n.a.,n.a.,n.a.,n.a.,n.a.,n.a.,n.a.,n.a.,n.a.,n.a.,n.a.,0.07937097973949785,0.6754963376171388,0.5669921634006996,0.8393711880079241,0.674956837966138,Diandian product collection,Diandian product collection,verified_visible_table;same_scope,https://app.diandian.com/app/4v2imuppkwe6igy/googleplay-downloads | https://app.diandian.com/app/4v2imuppkwe6igy/googleplay-income,Diandian authenticated monthly table. Picker requested 2021-09..2026-08; output starts at first rendered month or product launch.
My Perfect Hotel,2024-01,12975535,n.a.,n.a.,1253337,n.a.,n.a.,n.a.,n.a.,n.a.,n.a.,n.a.,n.a.,n.a.,n.a.,n.a.,0.09659231777340972,0.7041560152197793,0.7192896270513325,1.021491844853203,0.6465975882825002,Diandian product collection,Diandian product collection,verified_visible_table;same_scope,https://app.diandian.com/app/4v2imuppkwe6igy/googleplay-downloads | https://app.diandian.com/app/4v2imuppkwe6igy/googleplay-income,Diandian authenticated monthly table. Picker requested 2021-09..2026-08; output starts at first rendered month or product launch.
My Perfect Hotel,2024-02,9336846,n.a.,n.a.,783571,n.a.,n.a.,n.a.,n.a.,n.a.,n.a.,n.a.,n.a.,n.a.,n.a.,n.a.,0.08392245090044326,0.5066917297884623,0.44969109852995615,0.8875043188837851,0.5786576296606627,Diandian product collection,Diandian product collection,verified_visible_table;same_scope,https://app.diandian.com/app/4v2imuppkwe6igy/googleplay-downloads | https://app.diandian.com/app/4v2imuppkwe6igy/googleplay-income,Diandian authenticated monthly table. Picker requested 2021-09..2026-08; output starts at first rendered month or product launch.
My Perfect Hotel,2024-03,8236013,n.a.,n.a.,755868,n.a.,n.a.,n.a.,n.a.,n.a.,n.a.,n.a.,n.a.,n.a.,n.a.,n.a.,0.09177596004280227,0.4469517515368962,0.43379235737877087,0.9705574614868938,0.5342576943200198,Diandian product collection,Diandian product collection,verified_visible_table;same_scope,https://app.diandian.com/app/4v2imuppkwe6igy/googleplay-downloads | https://app.diandian.com/app/4v2imuppkwe6igy/googleplay-income,Diandian authenticated monthly table. Picker requested 2021-09..2026-08; output starts at first rendered month or product launch.
My Perfect Hotel,2024-04,8235164,n.a.,n.a.,617086,n.a.,n.a.,n.a.,n.a.,n.a.,n.a.,n.a.,n.a.,n.a.,n.a.,n.a.,0.07493305537084628,0.4469056780257137,0.3541454204245135,0.7924388474745157,0.4125429587777468,Diandian product collection,Diandian product collection,verified_visible_table;same_scope,https://app.diandian.com/app/4v2imuppkwe6igy/googleplay-downloads | https://app.diandian.com/app/4v2imuppkwe6igy/googleplay-income,Diandian authenticated monthly table. Picker requested 2021-09..2026-08; output starts at first rendered month or product launch.
My Perfect Hotel,2024-05,8470554,n.a.,n.a.,628448,n.a.,n.a.,n.a.,n.a.,n.a.,n.a.,n.a.,n.a.,n.a.,n.a.,n.a.,0.0741920776374249,0.45967981677394903,0.36066606789806394,0.7846027925029045,0.38286794856711615,Diandian product collection,Diandian product collection,verified_visible_table;same_scope,https://app.diandian.com/app/4v2imuppkwe6igy/googleplay-downloads | https://app.diandian.com/app/4v2imuppkwe6igy/googleplay-income,Diandian authenticated monthly table. Picker requested 2021-09..2026-08; output starts at first rendered month or product launch.
My Perfect Hotel,2024-06,10155500,n.a.,n.a.,1031167,n.a.,n.a.,n.a.,n.a.,n.a.,n.a.,n.a.,n.a.,n.a.,n.a.,n.a.,0.1015377874058392,0.5511184249870598,0.5917863486497577,1.0737916241208099,0.4355326123241117,Diandian product collection,Diandian product collection,verified_visible_table;same_scope,https://app.diandian.com/app/4v2imuppkwe6igy/googleplay-downloads | https://app.diandian.com/app/4v2imuppkwe6igy/googleplay-income,Diandian authenticated monthly table. Picker requested 2021-09..2026-08; output starts at first rendered month or product launch.
My Perfect Hotel,2024-07,9159333,n.a.,n.a.,946443,n.a.,n.a.,n.a.,n.a.,n.a.,n.a.,n.a.,n.a.,n.a.,n.a.,n.a.,0.10333099582687953,0.4970584586570825,0.5431632773111655,1.0927553245520574,0.4985385646196624,Diandian product collection,Diandian product collection,verified_visible_table;same_scope,https://app.diandian.com/app/4v2imuppkwe6igy/googleplay-downloads | https://app.diandian.com/app/4v2imuppkwe6igy/googleplay-income,Diandian authenticated monthly table. Picker requested 2021-09..2026-08; output starts at first rendered month or product launch.
My Perfect Hotel,2024-08,8352545,n.a.,n.a.,907272,n.a.,n.a.,n.a.,n.a.,n.a.,n.a.,n.a.,n.a.,n.a.,n.a.,n.a.,0.10862222232864355,0.4532757072555306,0.5206830553267928,1.1487115832423418,0.5518775604292386,Diandian product collection,Diandian product collection,verified_visible_table;same_scope,https://app.diandian.com/app/4v2imuppkwe6igy/googleplay-downloads | https://app.diandian.com/app/4v2imuppkwe6igy/googleplay-income,Diandian authenticated monthly table. Picker requested 2021-09..2026-08; output starts at first rendered month or product launch.
My Perfect Hotel,2024-09,5789037,n.a.,n.a.,711466,n.a.,n.a.,n.a.,n.a.,n.a.,n.a.,n.a.,n.a.,n.a.,n.a.,n.a.,0.12289885174339013,0.31415931796876706,0.4083100664862709,1.2996910902603374,0.4907187997080764,Diandian product collection,Diandian product collection,verified_visible_table;same_scope,https://app.diandian.com/app/4v2imuppkwe6igy/googleplay-downloads | https://app.diandian.com/app/4v2imuppkwe6igy/googleplay-income,Diandian authenticated monthly table. Picker requested 2021-09..2026-08; output starts at first rendered month or product launch.
My Perfect Hotel,2024-10,5819900,n.a.,n.a.,823786,n.a.,n.a.,n.a.,n.a.,n.a.,n.a.,n.a.,n.a.,n.a.,n.a.,n.a.,0.1415464183233389,0.31583419049600603,0.47277047171679204,1.4968945286586082,0.4672545311766185,Diandian product collection,Diandian product collection,verified_visible_table;same_scope,https://app.diandian.com/app/4v2imuppkwe6igy/googleplay-downloads | https://app.diandian.com/app/4v2imuppkwe6igy/googleplay-income,Diandian authenticated monthly table. Picker requested 2021-09..2026-08; output starts at first rendered month or product launch.
My Perfect Hotel,2024-11,5037537,n.a.,n.a.,760719,n.a.,n.a.,n.a.,n.a.,n.a.,n.a.,n.a.,n.a.,n.a.,n.a.,n.a.,0.15101010672477444,0.273376934395553,0.4365763444315955,1.5969757850891215,0.43921896087821943,Diandian product collection,Diandian product collection,verified_visible_table;same_scope,https://app.diandian.com/app/4v2imuppkwe6igy/googleplay-downloads | https://app.diandian.com/app/4v2imuppkwe6igy/googleplay-income,Diandian authenticated monthly table. Picker requested 2021-09..2026-08; output starts at first rendered month or product launch.
My Perfect Hotel,2024-12,6527171,n.a.,n.a.,677420,n.a.,n.a.,n.a.,n.a.,n.a.,n.a.,n.a.,n.a.,n.a.,n.a.,n.a.,0.1037846258356032,0.3542163557817155,0.3887710800503884,1.0975525937880946,0.43270596539959194,Diandian product collection,Diandian product collection,verified_visible_table;same_scope,https://app.diandian.com/app/4v2imuppkwe6igy/googleplay-downloads | https://app.diandian.com/app/4v2imuppkwe6igy/googleplay-income,Diandian authenticated monthly table. Picker requested 2021-09..2026-08; output starts at first rendered month or product launch.
My Perfect Hotel,2025-01,8426635,n.a.,n.a.,757240,n.a.,n.a.,n.a.,n.a.,n.a.,n.a.,n.a.,n.a.,n.a.,n.a.,n.a.,0.08986267946813882,0.45729642155884326,0.43457974765633745,0.950323963119876,0.4199757240461071,Diandian product collection,Diandian product collection,verified_visible_table;same_scope,https://app.diandian.com/app/4v2imuppkwe6igy/googleplay-downloads | https://app.diandian.com/app/4v2imuppkwe6igy/googleplay-income,Diandian authenticated monthly table. Picker requested 2021-09..2026-08; output starts at first rendered month or product launch.
My Perfect Hotel,2025-02,7125046,n.a.,n.a.,624584,n.a.,n.a.,n.a.,n.a.,n.a.,n.a.,n.a.,n.a.,n.a.,n.a.,n.a.,0.08766034633320262,0.38666182162181584,0.3584485197694071,0.927033649885394,0.3939331158253776,Diandian product collection,Diandian product collection,verified_visible_table;same_scope,https://app.diandian.com/app/4v2imuppkwe6igy/googleplay-downloads | https://app.diandian.com/app/4v2imuppkwe6igy/googleplay-income,Diandian authenticated monthly table. Picker requested 2021-09..2026-08; output starts at first rendered month or product launch.
My Perfect Hotel,2025-03,8655620,n.a.,n.a.,682688,n.a.,n.a.,n.a.,n.a.,n.a.,n.a.,n.a.,n.a.,n.a.,n.a.,n.a.,0.07887222405789533,0.46972297392412926,0.3917943832444267,0.8340967016608182,0.39494088355672374,Diandian product collection,Diandian product collection,verified_visible_table;same_scope,https://app.diandian.com/app/4v2imuppkwe6igy/googleplay-downloads | https://app.diandian.com/app/4v2imuppkwe6igy/googleplay-income,Diandian authenticated monthly table. Picker requested 2021-09..2026-08; output starts at first rendered month or product launch.
My Perfect Hotel,2025-04,6730716,n.a.,n.a.,492579,n.a.,n.a.,n.a.,n.a.,n.a.,n.a.,n.a.,n.a.,n.a.,n.a.,n.a.,0.07318374449315646,0.3652623308507905,0.2826909005345875,0.7739393763274938,0.3443112678494738,Diandian product collection,Diandian product collection,verified_visible_table;same_scope,https://app.diandian.com/app/4v2imuppkwe6igy/googleplay-downloads | https://app.diandian.com/app/4v2imuppkwe6igy/googleplay-income,Diandian authenticated monthly table. Picker requested 2021-09..2026-08; output starts at first rendered month or product launch.
My Perfect Hotel,2025-05,5857899,n.a.,n.a.,492320,n.a.,n.a.,n.a.,n.a.,n.a.,n.a.,n.a.,n.a.,n.a.,n.a.,n.a.,0.08404378429877334,0.31789631929627027,0.28254226053321013,0.888787454849041,0.31900918143740814,Diandian product collection,Diandian product collection,verified_visible_table;same_scope,https://app.diandian.com/app/4v2imuppkwe6igy/googleplay-downloads | https://app.diandian.com/app/4v2imuppkwe6igy/googleplay-income,Diandian authenticated monthly table. Picker requested 2021-09..2026-08; output starts at first rendered month or product launch.
My Perfect Hotel,2025-06,5741429,n.a.,n.a.,476579,n.a.,n.a.,n.a.,n.a.,n.a.,n.a.,n.a.,n.a.,n.a.,n.a.,n.a.,0.08300703535652884,0.3115757281921156,0.27350850662710585,0.8778235333480863,0.27958055589830116,Diandian product collection,Diandian product collection,verified_visible_table;same_scope,https://app.diandian.com/app/4v2imuppkwe6igy/googleplay-downloads | https://app.diandian.com/app/4v2imuppkwe6igy/googleplay-income,Diandian authenticated monthly table. Picker requested 2021-09..2026-08; output starts at first rendered month or product launch.
My Perfect Hotel,2025-07,5993155,n.a.,n.a.,520564,n.a.,n.a.,n.a.,n.a.,n.a.,n.a.,n.a.,n.a.,n.a.,n.a.,n.a.,0.08685975917525911,0.3252363885877921,0.2987514813783921,0.9185672079179085,0.28493408284623606,Diandian product collection,Diandian product collection,verified_visible_table;same_scope,https://app.diandian.com/app/4v2imuppkwe6igy/googleplay-downloads | https://app.diandian.com/app/4v2imuppkwe6igy/googleplay-income,Diandian authenticated monthly table. Picker requested 2021-09..2026-08; output starts at first rendered month or product launch.
My Perfect Hotel,2025-08,5765889,n.a.,n.a.,564256,n.a.,n.a.,n.a.,n.a.,n.a.,n.a.,n.a.,n.a.,n.a.,n.a.,n.a.,0.09786105837278518,0.31290312287235617,0.3238263035412476,1.0349091455803314,0.29869543051558184,Diandian product collection,Diandian product collection,verified_visible_table;same_scope,https://app.diandian.com/app/4v2imuppkwe6igy/googleplay-downloads | https://app.diandian.com/app/4v2imuppkwe6igy/googleplay-income,Diandian authenticated monthly table. Picker requested 2021-09..2026-08; output starts at first rendered month or product launch.
My Perfect Hotel,2025-09,5148391,n.a.,n.a.,549955,n.a.,n.a.,n.a.,n.a.,n.a.,n.a.,n.a.,n.a.,n.a.,n.a.,n.a.,0.10682075234767523,0.27939275654941204,0.31561896508681664,1.1296605144127916,0.3127322500021521,Diandian product collection,Diandian product collection,verified_visible_table;same_scope,https://app.diandian.com/app/4v2imuppkwe6igy/googleplay-downloads | https://app.diandian.com/app/4v2imuppkwe6igy/googleplay-income,Diandian authenticated monthly table. Picker requested 2021-09..2026-08; output starts at first rendered month or product launch.
My Perfect Hotel,2025-10,5545468,n.a.,n.a.,459061,n.a.,n.a.,n.a.,n.a.,n.a.,n.a.,n.a.,n.a.,n.a.,n.a.,n.a.,0.08278129095686784,0.30094132144908087,0.2634549330976519,0.8754362206860594,0.30096673390857204,Diandian product collection,Diandian product collection,verified_visible_table;same_scope,https://app.diandian.com/app/4v2imuppkwe6igy/googleplay-downloads | https://app.diandian.com/app/4v2imuppkwe6igy/googleplay-income,Diandian authenticated monthly table. Picker requested 2021-09..2026-08; output starts at first rendered month or product launch.
My Perfect Hotel,2025-11,5397184,n.a.,n.a.,360334,n.a.,n.a.,n.a.,n.a.,n.a.,n.a.,n.a.,n.a.,n.a.,n.a.,n.a.,0.06676333436102976,0.2928942489730057,0.20679554539115563,0.706041672433844,0.2619564811918747,Diandian product collection,Diandian product collection,verified_visible_table;same_scope,https://app.diandian.com/app/4v2imuppkwe6igy/googleplay-downloads | https://app.diandian.com/app/4v2imuppkwe6igy/googleplay-income,Diandian authenticated monthly table. Picker requested 2021-09..2026-08; output starts at first rendered month or product launch.
My Perfect Hotel,2025-12,5664907,n.a.,n.a.,377169,n.a.,n.a.,n.a.,n.a.,n.a.,n.a.,n.a.,n.a.,n.a.,n.a.,n.a.,0.06657991031450296,0.3074230341724356,0.21645714548068398,0.7041019098109341,0.22890254132316384,Diandian product collection,Diandian product collection,verified_visible_table;same_scope,https://app.diandian.com/app/4v2imuppkwe6igy/googleplay-downloads | https://app.diandian.com/app/4v2imuppkwe6igy/googleplay-income,Diandian authenticated monthly table. Picker requested 2021-09..2026-08; output starts at first rendered month or product launch.
My Perfect Hotel,2026-01,5157455,n.a.,n.a.,376373,n.a.,n.a.,n.a.,n.a.,n.a.,n.a.,n.a.,n.a.,n.a.,n.a.,n.a.,0.0729764971289134,0.27988464147916264,0.21600032138378678,0.7717476751930596,0.21308433741854213,Diandian product collection,Diandian product collection,verified_visible_table;same_scope,https://app.diandian.com/app/4v2imuppkwe6igy/googleplay-downloads | https://app.diandian.com/app/4v2imuppkwe6igy/googleplay-income,Diandian authenticated monthly table. Picker requested 2021-09..2026-08; output starts at first rendered month or product launch.
My Perfect Hotel,2026-02,3665958,n.a.,n.a.,303975,n.a.,n.a.,n.a.,n.a.,n.a.,n.a.,n.a.,n.a.,n.a.,n.a.,n.a.,0.08291829857297874,0.19894411885468088,0.17445113675167076,0.8768851160616561,0.20230286787204718,Diandian product collection,Diandian product collection,verified_visible_table;same_scope,https://app.diandian.com/app/4v2imuppkwe6igy/googleplay-downloads | https://app.diandian.com/app/4v2imuppkwe6igy/googleplay-income,Diandian authenticated monthly table. Picker requested 2021-09..2026-08; output starts at first rendered month or product launch.
My Perfect Hotel,2026-03,3634759,n.a.,n.a.,305136,n.a.,n.a.,n.a.,n.a.,n.a.,n.a.,n.a.,n.a.,n.a.,n.a.,n.a.,0.08394944479125026,0.1972510122876806,0.1751174342095824,0.887789787127594,0.18852296411501332,Diandian product collection,Diandian product collection,verified_visible_table;same_scope,https://app.diandian.com/app/4v2imuppkwe6igy/googleplay-downloads | https://app.diandian.com/app/4v2imuppkwe6igy/googleplay-income,Diandian authenticated monthly table. Picker requested 2021-09..2026-08; output starts at first rendered month or product launch.
My Perfect Hotel,2026-04,3771660,n.a.,n.a.,311639,n.a.,n.a.,n.a.,n.a.,n.a.,n.a.,n.a.,n.a.,n.a.,n.a.,n.a.,0.0826264827688604,0.204680352398867,0.17884950343335448,0.8737990790871069,0.1761393581315359,Diandian product collection,Diandian product collection,verified_visible_table;same_scope,https://app.diandian.com/app/4v2imuppkwe6igy/googleplay-downloads | https://app.diandian.com/app/4v2imuppkwe6igy/googleplay-income,Diandian authenticated monthly table. Picker requested 2021-09..2026-08; output starts at first rendered month or product launch.
My Perfect Hotel,2026-05,3485212,n.a.,n.a.,359398,n.a.,n.a.,n.a.,n.a.,n.a.,n.a.,n.a.,n.a.,n.a.,n.a.,n.a.,0.10312084315100488,0.18913539935857424,0.20625837534756797,1.0905328989023941,0.18674177099683495,Diandian product collection,Diandian product collection,verified_visible_table;same_scope,https://app.diandian.com/app/4v2imuppkwe6igy/googleplay-downloads | https://app.diandian.com/app/4v2imuppkwe6igy/googleplay-income,Diandian authenticated monthly table. Picker requested 2021-09..2026-08; output starts at first rendered month or product launch.
My Perfect Hotel,2026-06,3782976,n.a.,n.a.,395511,n.a.,n.a.,n.a.,n.a.,n.a.,n.a.,n.a.,n.a.,n.a.,n.a.,n.a.,0.10455022712277318,0.2052944488093986,0.22698361229637323,1.1056490499999418,0.20403049702576523,Diandian product collection,Diandian product collection,verified_visible_table;same_scope,https://app.diandian.com/app/4v2imuppkwe6igy/googleplay-downloads | https://app.diandian.com/app/4v2imuppkwe6igy/googleplay-income,Diandian authenticated monthly table. Picker requested 2021-09..2026-08; output starts at first rendered month or product launch.
My Perfect Hotel,2026-07,4800786,n.a.,n.a.,647059,n.a.,n.a.,n.a.,n.a.,n.a.,n.a.,n.a.,n.a.,n.a.,n.a.,n.a.,0.13478188779920622,0.26052893693268936,0.3713469137113228,1.4253576515658393,0.2681963004517547,Diandian product collection,Diandian product collection,verified_visible_table;same_scope,https://app.diandian.com/app/4v2imuppkwe6igy/googleplay-downloads | https://app.diandian.com/app/4v2imuppkwe6igy/googleplay-income,Diandian authenticated monthly table. Picker requested 2021-09..2026-08; output starts at first rendered month or product launch.
My Perfect Hotel,2026-08,4923278,n.a.,n.a.,675798,n.a.,n.a.,n.a.,n.a.,n.a.,4.5,1841000,1.37.1,n.a.,n.a.,n.a.,0.13726586229743679,0.2671763297851846,0.38784021486801745,1.451626404104919,0.3287235802919045,Diandian product collection,Diandian product collection,verified_visible_table;same_scope,https://app.diandian.com/app/4v2imuppkwe6igy/googleplay-downloads | https://app.diandian.com/app/4v2imuppkwe6igy/googleplay-income,Diandian authenticated monthly table. Picker requested 2021-09..2026-08; output starts at first rendered month or product launch.
Heartopia,2024-07,n.a.,n.a.,n.a.,1744277,n.a.,n.a.,n.a.,n.a.,n.a.,n.a.,n.a.,n.a.,n.a.,n.a.,n.a.,n.a.,n.a.,0.07857960546057748,n.a.,n.a.,Global iOS+Google Play,Diandian product collection including regional entities,verified_visible_table;scope_mismatch;downloads_not_applicable_before_global_launch,https://app.diandian.com/app/4v2imue5rkzetgy/googleplay-downloads | https://app.diandian.com/app/4v2imue5rkzetgy/googleplay-income,Global downloads and collection-scope revenue are not comparable; RPD and cross-scope persistence are intentionally N/A.
Heartopia,2024-08,n.a.,n.a.,n.a.,3540074,n.a.,n.a.,n.a.,n.a.,n.a.,n.a.,n.a.,n.a.,n.a.,n.a.,n.a.,n.a.,n.a.,0.15948018475348144,n.a.,n.a.,Global iOS+Google Play,Diandian product collection including regional entities,verified_visible_table;scope_mismatch;downloads_not_applicable_before_global_launch,https://app.diandian.com/app/4v2imue5rkzetgy/googleplay-downloads | https://app.diandian.com/app/4v2imue5rkzetgy/googleplay-income,Global downloads and collection-scope revenue are not comparable; RPD and cross-scope persistence are intentionally N/A.
Heartopia,2024-09,n.a.,n.a.,n.a.,3816270,n.a.,n.a.,n.a.,n.a.,n.a.,n.a.,n.a.,n.a.,n.a.,n.a.,n.a.,n.a.,n.a.,0.1719228029326982,n.a.,0.1366608643822524,Global iOS+Google Play,Diandian product collection including regional entities,verified_visible_table;scope_mismatch;downloads_not_applicable_before_global_launch,https://app.diandian.com/app/4v2imue5rkzetgy/googleplay-downloads | https://app.diandian.com/app/4v2imue5rkzetgy/googleplay-income,Global downloads and collection-scope revenue are not comparable; RPD and cross-scope persistence are intentionally N/A.
Heartopia,2024-10,n.a.,n.a.,n.a.,1438967,n.a.,n.a.,n.a.,n.a.,n.a.,n.a.,n.a.,n.a.,n.a.,n.a.,n.a.,n.a.,n.a.,0.06482540280631505,n.a.,0.13207613016416492,Global iOS+Google Play,Diandian product collection including regional entities,verified_visible_table;scope_mismatch;downloads_not_applicable_before_global_launch,https://app.diandian.com/app/4v2imue5rkzetgy/googleplay-downloads | https://app.diandian.com/app/4v2imue5rkzetgy/googleplay-income,Global downloads and collection-scope revenue are not comparable; RPD and cross-scope persistence are intentionally N/A.
Heartopia,2024-11,n.a.,n.a.,n.a.,1542167,n.a.,n.a.,n.a.,n.a.,n.a.,n.a.,n.a.,n.a.,n.a.,n.a.,n.a.,n.a.,n.a.,0.06947455846423613,n.a.,0.10207425473441646,Global iOS+Google Play,Diandian product collection including regional entities,verified_visible_table;scope_mismatch;downloads_not_applicable_before_global_launch,https://app.diandian.com/app/4v2imue5rkzetgy/googleplay-downloads | https://app.diandian.com/app/4v2imue5rkzetgy/googleplay-income,Global downloads and collection-scope revenue are not comparable; RPD and cross-scope persistence are intentionally N/A.
Heartopia,2024-12,n.a.,n.a.,n.a.,1524780,n.a.,n.a.,n.a.,n.a.,n.a.,n.a.,n.a.,n.a.,n.a.,n.a.,n.a.,n.a.,n.a.,0.06869127484578386,n.a.,0.06766374537211167,Global iOS+Google Play,Diandian product collection including regional entities,verified_visible_table;scope_mismatch;downloads_not_applicable_before_global_launch,https://app.diandian.com/app/4v2imue5rkzetgy/googleplay-downloads | https://app.diandian.com/app/4v2imue5rkzetgy/googleplay-income,Global downloads and collection-scope revenue are not comparable; RPD and cross-scope persistence are intentionally N/A.
Heartopia,2025-01,n.a.,n.a.,n.a.,2052246,n.a.,n.a.,n.a.,n.a.,n.a.,n.a.,n.a.,n.a.,n.a.,n.a.,n.a.,n.a.,n.a.,0.09245359595296405,n.a.,0.07687314308766136,Global iOS+Google Play,Diandian product collection including regional entities,verified_visible_table;scope_mismatch;downloads_not_applicable_before_global_launch,https://app.diandian.com/app/4v2imue5rkzetgy/googleplay-downloads | https://app.diandian.com/app/4v2imue5rkzetgy/googleplay-income,Global downloads and collection-scope revenue are not comparable; RPD and cross-scope persistence are intentionally N/A.
Heartopia,2025-02,n.a.,n.a.,n.a.,1163911,n.a.,n.a.,n.a.,n.a.,n.a.,n.a.,n.a.,n.a.,n.a.,n.a.,n.a.,n.a.,n.a.,0.052434141579133474,n.a.,0.07119300412596045,Global iOS+Google Play,Diandian product collection including regional entities,verified_visible_table;scope_mismatch;downloads_not_applicable_before_global_launch,https://app.diandian.com/app/4v2imue5rkzetgy/googleplay-downloads | https://app.diandian.com/app/4v2imue5rkzetgy/googleplay-income,Global downloads and collection-scope revenue are not comparable; RPD and cross-scope persistence are intentionally N/A.
Heartopia,2025-03,n.a.,n.a.,n.a.,1326710,n.a.,n.a.,n.a.,n.a.,n.a.,n.a.,n.a.,n.a.,n.a.,n.a.,n.a.,n.a.,n.a.,0.05976822967946189,n.a.,0.06821865573718647,Global iOS+Google Play,Diandian product collection including regional entities,verified_visible_table;scope_mismatch;downloads_not_applicable_before_global_launch,https://app.diandian.com/app/4v2imue5rkzetgy/googleplay-downloads | https://app.diandian.com/app/4v2imue5rkzetgy/googleplay-income,Global downloads and collection-scope revenue are not comparable; RPD and cross-scope persistence are intentionally N/A.
Heartopia,2025-04,n.a.,n.a.,n.a.,1928687,n.a.,n.a.,n.a.,n.a.,n.a.,n.a.,n.a.,n.a.,n.a.,n.a.,n.a.,n.a.,n.a.,0.08688726820163586,n.a.,0.06636321315341041,Global iOS+Google Play,Diandian product collection including regional entities,verified_visible_table;scope_mismatch;downloads_not_applicable_before_global_launch,https://app.diandian.com/app/4v2imue5rkzetgy/googleplay-downloads | https://app.diandian.com/app/4v2imue5rkzetgy/googleplay-income,Global downloads and collection-scope revenue are not comparable; RPD and cross-scope persistence are intentionally N/A.
Heartopia,2025-05,n.a.,n.a.,n.a.,1611729,n.a.,n.a.,n.a.,n.a.,n.a.,n.a.,n.a.,n.a.,n.a.,n.a.,n.a.,n.a.,n.a.,0.07260832363745613,n.a.,0.07308794050618463,Global iOS+Google Play,Diandian product collection including regional entities,verified_visible_table;scope_mismatch;downloads_not_applicable_before_global_launch,https://app.diandian.com/app/4v2imue5rkzetgy/googleplay-downloads | https://app.diandian.com/app/4v2imue5rkzetgy/googleplay-income,Global downloads and collection-scope revenue are not comparable; RPD and cross-scope persistence are intentionally N/A.
Heartopia,2025-06,n.a.,n.a.,n.a.,2001670,n.a.,n.a.,n.a.,n.a.,n.a.,n.a.,n.a.,n.a.,n.a.,n.a.,n.a.,n.a.,n.a.,0.09017514928091933,n.a.,0.08322358037333712,Global iOS+Google Play,Diandian product collection including regional entities,verified_visible_table;scope_mismatch;downloads_not_applicable_before_global_launch,https://app.diandian.com/app/4v2imue5rkzetgy/googleplay-downloads | https://app.diandian.com/app/4v2imue5rkzetgy/googleplay-income,Global downloads and collection-scope revenue are not comparable; RPD and cross-scope persistence are intentionally N/A.
Heartopia,2025-07,n.a.,n.a.,n.a.,3291712,n.a.,n.a.,n.a.,n.a.,n.a.,n.a.,n.a.,n.a.,n.a.,n.a.,n.a.,n.a.,n.a.,0.14829148710316561,n.a.,0.1036916533405137,Global iOS+Google Play,Diandian product collection including regional entities,verified_visible_table;scope_mismatch;downloads_not_applicable_before_global_launch,https://app.diandian.com/app/4v2imue5rkzetgy/googleplay-downloads | https://app.diandian.com/app/4v2imue5rkzetgy/googleplay-income,Global downloads and collection-scope revenue are not comparable; RPD and cross-scope persistence are intentionally N/A.
Heartopia,2025-08,n.a.,n.a.,n.a.,1718537,n.a.,n.a.,n.a.,n.a.,n.a.,n.a.,n.a.,n.a.,n.a.,n.a.,n.a.,n.a.,n.a.,0.07742001954357275,n.a.,0.1052955519758859,Global iOS+Google Play,Diandian product collection including regional entities,verified_visible_table;scope_mismatch;downloads_not_applicable_before_global_launch,https://app.diandian.com/app/4v2imue5rkzetgy/googleplay-downloads | https://app.diandian.com/app/4v2imue5rkzetgy/googleplay-income,Global downloads and collection-scope revenue are not comparable; RPD and cross-scope persistence are intentionally N/A.
Heartopia,2025-09,n.a.,n.a.,n.a.,2225809,n.a.,n.a.,n.a.,n.a.,n.a.,n.a.,n.a.,n.a.,n.a.,n.a.,n.a.,n.a.,n.a.,0.10027260180040355,n.a.,0.10866136948238064,Global iOS+Google Play,Diandian product collection including regional entities,verified_visible_table;scope_mismatch;downloads_not_applicable_before_global_launch,https://app.diandian.com/app/4v2imue5rkzetgy/googleplay-downloads | https://app.diandian.com/app/4v2imue5rkzetgy/googleplay-income,Global downloads and collection-scope revenue are not comparable; RPD and cross-scope persistence are intentionally N/A.
Heartopia,2025-10,n.a.,n.a.,n.a.,1469509,n.a.,n.a.,n.a.,n.a.,n.a.,n.a.,n.a.,n.a.,n.a.,n.a.,n.a.,n.a.,n.a.,0.06620131862127847,n.a.,0.08129797998841826,Global iOS+Google Play,Diandian product collection including regional entities,verified_visible_table;scope_mismatch;downloads_not_applicable_before_global_launch,https://app.diandian.com/app/4v2imue5rkzetgy/googleplay-downloads | https://app.diandian.com/app/4v2imue5rkzetgy/googleplay-income,Global downloads and collection-scope revenue are not comparable; RPD and cross-scope persistence are intentionally N/A.
Heartopia,2025-11,n.a.,n.a.,n.a.,1624868,n.a.,n.a.,n.a.,n.a.,n.a.,n.a.,n.a.,n.a.,n.a.,n.a.,n.a.,n.a.,n.a.,0.07320023503464049,n.a.,0.0798913851521075,Global iOS+Google Play,Diandian product collection including regional entities,verified_visible_table;scope_mismatch;downloads_not_applicable_before_global_launch,https://app.diandian.com/app/4v2imue5rkzetgy/googleplay-downloads | https://app.diandian.com/app/4v2imue5rkzetgy/googleplay-income,Global downloads and collection-scope revenue are not comparable; RPD and cross-scope persistence are intentionally N/A.
Heartopia,2025-12,0,0,0,1135571,n.a.,n.a.,n.a.,n.a.,n.a.,n.a.,n.a.,n.a.,n.a.,n.a.,n.a.,n.a.,0,0.0511574257715222,n.a.,0.06351965980914706,Global iOS+Google Play,Diandian product collection including regional entities,verified_visible_table;scope_mismatch,https://app.diandian.com/app/4v2imue5rkzetgy/googleplay-downloads | https://app.diandian.com/app/4v2imue5rkzetgy/googleplay-income,Global downloads and collection-scope revenue are not comparable; RPD and cross-scope persistence are intentionally N/A.
Heartopia,2026-01,10886824,5369271,5517553,7992126,n.a.,n.a.,n.a.,美国:1477986; 泰国:1125095; 菲律宾:1073754; 巴西:997920; 日本:908676,n.a.,n.a.,n.a.,n.a.,n.a.,n.a.,n.a.,n.a.,1,0.36004494003602827,n.a.,0.16146753361406366,Global iOS+Google Play,Diandian product collection including regional entities,verified_visible_table;scope_mismatch,https://app.diandian.com/app/4v2imue5rkzetgy/googleplay-downloads | https://app.diandian.com/app/4v2imue5rkzetgy/googleplay-income,Global downloads and collection-scope revenue are not comparable; RPD and cross-scope persistence are intentionally N/A.
Heartopia,2026-02,4510681,2067272,2443409,22197579,n.a.,n.a.,n.a.,泰国:672813; 美国:568412; 日本:512224; 韩国:356882; 菲律宾:303405,n.a.,n.a.,n.a.,n.a.,n.a.,n.a.,n.a.,n.a.,0.4143247837936941,1,n.a.,0.4704007886025168,Global iOS+Google Play,Diandian product collection including regional entities,verified_visible_table;scope_mismatch,https://app.diandian.com/app/4v2imue5rkzetgy/googleplay-downloads | https://app.diandian.com/app/4v2imue5rkzetgy/googleplay-income,Global downloads and collection-scope revenue are not comparable; RPD and cross-scope persistence are intentionally N/A.
Heartopia,2026-03,2898880,1246529,1652351,14000945,n.a.,n.a.,n.a.,泰国:399627; 美国:363652; 韩国:335296; 菲律宾:235842; 巴西:230495,n.a.,n.a.,n.a.,n.a.,n.a.,n.a.,n.a.,n.a.,0.26627416774625917,0.6307419831685248,n.a.,0.6635956410681844,Global iOS+Google Play,Diandian product collection including regional entities,verified_visible_table;scope_mismatch,https://app.diandian.com/app/4v2imue5rkzetgy/googleplay-downloads | https://app.diandian.com/app/4v2imue5rkzetgy/googleplay-income,Global downloads and collection-scope revenue are not comparable; RPD and cross-scope persistence are intentionally N/A.
Heartopia,2026-04,1161243,643971,517272,10121056,n.a.,n.a.,n.a.,泰国:154795; 韩国:129144; 美国:127155; 巴西:105916; 日本:95609,n.a.,n.a.,n.a.,n.a.,n.a.,n.a.,n.a.,n.a.,0.10666499247163361,0.4559531469625584,n.a.,0.6955650433770277,Global iOS+Google Play,Diandian product collection including regional entities,verified_visible_table;scope_mismatch,https://app.diandian.com/app/4v2imue5rkzetgy/googleplay-downloads | https://app.diandian.com/app/4v2imue5rkzetgy/googleplay-income,Global downloads and collection-scope revenue are not comparable; RPD and cross-scope persistence are intentionally N/A.
Heartopia,2026-05,684986,392880,292106,9515330,n.a.,n.a.,n.a.,泰国:90425; 美国:71342; 巴西:62325; 日本:58649; 韩国:51059,n.a.,n.a.,n.a.,n.a.,n.a.,n.a.,n.a.,n.a.,0.06291880901170074,0.42866521614812136,n.a.,0.5051201154264015,Global iOS+Google Play,Diandian product collection including regional entities,verified_visible_table;scope_mismatch,https://app.diandian.com/app/4v2imue5rkzetgy/googleplay-downloads | https://app.diandian.com/app/4v2imue5rkzetgy/googleplay-income,Global downloads and collection-scope revenue are not comparable; RPD and cross-scope persistence are intentionally N/A.
Heartopia,2026-06,554317,346249,208068,7791902,n.a.,n.a.,n.a.,泰国:88779; 美国:68821; 日本:60589; 韩国:47923; 中国台湾:30219,n.a.,n.a.,n.a.,n.a.,n.a.,n.a.,n.a.,n.a.,0.05091631866189809,0.35102485726033456,n.a.,0.41188107345700475,Global iOS+Google Play,Diandian product collection including regional entities,verified_visible_table;scope_mismatch,https://app.diandian.com/app/4v2imue5rkzetgy/googleplay-downloads | https://app.diandian.com/app/4v2imue5rkzetgy/googleplay-income,Global downloads and collection-scope revenue are not comparable; RPD and cross-scope persistence are intentionally N/A.
Heartopia,2026-07,495881,310761,185120,10263608,n.a.,n.a.,n.a.,美国:77020; 泰国:61144; 日本:59138; 韩国:44669; 巴西:31255,n.a.,n.a.,n.a.,n.a.,n.a.,n.a.,n.a.,n.a.,0.04554872936312739,0.4623751085647674,n.a.,0.4140217273244078,Global iOS+Google Play,Diandian product collection including regional entities,verified_visible_table;scope_mismatch,https://app.diandian.com/app/4v2imue5rkzetgy/googleplay-downloads | https://app.diandian.com/app/4v2imue5rkzetgy/googleplay-income,Global downloads and collection-scope revenue are not comparable; RPD and cross-scope persistence are intentionally N/A.
Heartopia,2026-08,385481,227762,157719,8616226,n.a.,n.a.,n.a.,美国:57677; 韩国:51138; 日本:42323; 泰国:41047; 中国台湾:25170,n.a.,4.4,134000,0.5.5,n.a.,n.a.,n.a.,n.a.,0.03540803084535949,0.3881606187773901,n.a.,0.4005201948674973,Global iOS+Google Play,Diandian product collection including regional entities,verified_visible_table;scope_mismatch,https://app.diandian.com/app/4v2imue5rkzetgy/googleplay-downloads | https://app.diandian.com/app/4v2imue5rkzetgy/googleplay-income,Global downloads and collection-scope revenue are not comparable; RPD and cross-scope persistence are intentionally N/A.
